,연면적-철근·철골조[㎡],연면적-조적조[㎡],연면적-목조[㎡],연면적-기타(자재별)[㎡],연면적-주거용[㎡],연면적-상업용[㎡],연면적-공업용[㎡],연면적-교육및사회용[㎡],연면적-기타(용도별)[㎡],연면적-자재별[㎡],연면적-용도별[㎡],동수-철근·철골조[동수],동수-조적조[동수],동수-목조[동수],동수-기타(자재별)[동수],동수-주거용[동수],동수-상업용[동수],동수-공업용[동수],동수-교육및사회용[동수],동수-기타(용도별)[동수],동수-자재별[동수],동수-용도별[동수]
2000-08-01,3898712.0,122063.0,5229.0,287185.0,1812355.0,1088979.0,687577.0,0.0,724278.0,4313189.0,4313189.0,4319.0,1216.0,58.0,1078.0,2905.0,2008.0,741.0,0.0,1017.0,6671.0,6671.0
2000-09-01,3055754.0,113586.0,5918.0,236449.0,1273430.0,1014900.0,702592.0,0.0,420785.0,3411707.0,3411707.0,3910.0,1128.0,70.0,793.0,2653.0,1756.0,652.0,0.0,840.0,5901.0,5901.0
2000-10-01,4104565.0,134648.0,8006.0,314620.0,1908535.0,1095874.0,1011477.0,0.0,545953.0,4561839.0,4561839.0,4970.0,1290.0,61.0,1183.0,3246.0,2264.0,874.0,0.0,1120.0,7504.0,7504.0
2000-11-01,4337103.0,108212.0,7727.0,283128.0,2415543.0,1164943.0,613744.0,0.0,541940.0,4736170.0,4736170.0,4497.0,1128.0,62.0,1088.0,2801.0,2050.0,816.0,0.0,1108.0,6775.0,6775.0
2000-12-01,6027008.0,161879.0,26079.0,453178.0,3450325.0,1412322.0,1069299.0,0.0,736198.0,6668144.0,6668144.0,3581.0,941.0,70.0,986.0,2080.0,1619.0,748.0,0.0,1131.0,5578.0,5578.0
2001-01-01,2304948.0,57170.0,3384.0,214815.0,1050052.0,697637.0,510674.0,0.0,321954.0,2580317.0,2580317.0,2214.0,486.0,36.0,476.0,1194.0,1020.0,498.0,0.0,500.0,3212.0,3212.0
2001-02-01,2954145.0,104832.0,3249.0,312622.0,1492460.0,1031700.0,496301.0,0.0,354387.0,3374848.0,3374848.0,3651.0,832.0,30.0,656.0,2446.0,1417.0,661.0,0.0,645.0,5169.0,5169.0
2001-03-01,5096134.0,262844.0,6609.0,247608.0,2549532.0,1564369.0,961749.0,0.0,537545.0,5613195.0,5613195.0,6402.0,1640.0,58.0,958.0,4651.0,2473.0,943.0,0.0,991.0,9058.0,9058.0
2001-04-01,5528175.0,233134.0,14411.0,713808.0,2792672.0,2046327.0,816046.0,0.0,834483.0,6489528.0,6489528.0,7649.0,1937.0,117.0,982.0,5936.0,2658.0,1005.0,0.0,1086.0,10685.0,10685.0
2001-05-01,5942922.0,192167.0,10780.0,284248.0,2830820.0,1921324.0,770935.0,0.0,907038.0,6430117.0,6430117.0,8333.0,1710.0,81.0,1018.0,6155.0,2776.0,957.0,0.0,1254.0,11142.0,11142.0
2001-06-01,7876353.0,151333.0,17516.0,13224.0,3097117.0,2844418.0,1164247.0,491445.0,461199.0,8058426.0,8058426.0,11606.0,1531.0,161.0,93.0,5862.0,3765.0,1840.0,438.0,1486.0,13391.0,13391.0
2001-07-01,5660442.0,199376.0,10420.0,299062.0,2732614.0,1758356.0,839473.0,0.0,838857.0,6169300.0,6169300.0,7721.0,1392.0,95.0,1044.0,5554.0,2499.0,1042.0,0.0,1157.0,10252.0,10252.0
2001-08-01,7563480.0,141813.0,8552.0,255900.0,4172243.0,2323601.0,852075.0,0.0,621826.0,7969745.0,7969745.0,8070.0,1179.0,59.0,890.0,5525.0,2531.0,1070.0,0.0,1072.0,10198.0,10198.0
2001-09-01,6634917.0,154756.0,6976.0,261645.0,3526060.0,1943647.0,770010.0,0.0,818577.0,7058294.0,7058294.0,8224.0,1386.0,79.0,918.0,5860.0,2648.0,939.0,0.0,1160.0,10607.0,10607.0
2001-10-01,5372812.0,146765.0,9491.0,236076.0,2812185.0,1640637.0,844063.0,0.0,468259.0,5765144.0,5765144.0,7662.0,1259.0,84.0,808.0,5292.0,2538.0,904.0,0.0,1079.0,9813.0,9813.0
2001-11-01,6732890.0,137990.0,13023.0,251689.0,3590765.0,1885518.0,1006502.0,0.0,652807.0,7135592.0,7135592.0,7816.0,1143.0,94.0,966.0,5058.0,2579.0,1148.0,0.0,1234.0,10019.0,10019.0
2001-12-01,5582408.0,91700.0,9058.0,216865.0,2441509.0,1731117.0,915496.0,0.0,811909.0,5900031.0,5900031.0,6394.0,920.0,87.0,1025.0,3744.0,2303.0,1040.0,0.0,1339.0,8426.0,8426.0
2002-01-01,4976427.0,81994.0,6669.0,36567.0,1976283.0,1802004.0,779989.0,263231.0,280150.0,5101657.0,5101657.0,6526.0,786.0,63.0,279.0,3254.0,2287.0,1046.0,235.0,832.0,7654.0,7654.0
2002-02-01,5805277.0,96825.0,7435.0,33642.0,2837466.0,1971905.0,527504.0,283103.0,323201.0,5943179.0,5943179.0,8434.0,875.0,68.0,202.0,4685.0,2809.0,970.0,218.0,897.0,9579.0,9579.0
2002-03-01,10076569.0,222085.0,9506.0,38885.0,4305284.0,3847193.0,921972.0,534067.0,738529.0,10347045.0,10347045.0,15205.0,1899.0,98.0,187.0,9040.0,4767.0,1548.0,507.0,1527.0,17389.0,17389.0
2002-04-01,10697878.0,259873.0,13354.0,32308.0,4683666.0,3712878.0,1362396.0,565202.0,679271.0,11003413.0,11003413.0,16041.0,2325.0,130.0,189.0,9213.0,5067.0,1842.0,576.0,1987.0,18685.0,18685.0
2002-05-01,14305686.0,244107.0,15066.0,25767.0,5213790.0,6006266.0,1801005.0,738477.0,831088.0,14590626.0,14590626.0,16981.0,2426.0,140.0,177.0,8584.0,5790.0,2356.0,695.0,2299.0,19724.0,19724.0
2002-06-01,7876353.0,151333.0,17516.0,13224.0,3097117.0,2844418.0,1164247.0,491445.0,461199.0,8058426.0,8058426.0,11606.0,1531.0,161.0,93.0,5862.0,3765.0,1840.0,438.0,1486.0,13391.0,13391.0
2002-07-01,8903094.0,145548.0,12233.0,17155.0,3259988.0,3549498.0,1173706.0,470813.0,624025.0,9078030.0,9078030.0,12012.0,1511.0,122.0,87.0,5819.0,4019.0,1786.0,437.0,1671.0,13732.0,13732.0
2002-08-01,7177536.0,132704.0,7847.0,7520.0,2792616.0,2572031.0,1060742.0,443375.0,456843.0,7325607.0,7325607.0,11315.0,1388.0,78.0,51.0,5544.0,3708.0,1712.0,475.0,1393.0,12832.0,12832.0
2002-09-01,7503516.0,131840.0,13874.0,3516.0,2924887.0,2648761.0,1136924.0,476518.0,465656.0,7652746.0,7652746.0,10950.0,1419.0,116.0,30.0,5234.0,3658.0,1729.0,511.0,1383.0,12515.0,12515.0
2002-10-01,11307088.0,167744.0,16062.0,3158.0,3841872.0,4559602.0,1731164.0,619303.0,742111.0,11494052.0,11494052.0,14291.0,1999.0,146.0,15.0,7280.0,4580.0,2063.0,563.0,1965.0,16451.0,16451.0
2002-11-01,8249548.0,130328.0,13337.0,1054.0,3018621.0,3015459.0,1252996.0,468479.0,638712.0,8394267.0,8394267.0,11655.0,1407.0,124.0,7.0,5168.0,3906.0,1717.0,523.0,1879.0,13193.0,13193.0
2002-12-01,7372900.0,87056.0,7768.0,1984.0,2543213.0,2540307.0,1136806.0,550025.0,699357.0,7469708.0,7469708.0,8600.0,1105.0,89.0,10.0,3260.0,2937.0,1542.0,417.0,1648.0,9804.0,9804.0
2003-01-01,6022901.0,65677.0,7385.0,539.0,1627288.0,2461173.0,1159124.0,427708.0,421209.0,6096502.0,6096502.0,6938.0,769.0,105.0,5.0,2410.0,2508.0,1361.0,340.0,1198.0,7817.0,7817.0
2003-02-01,7344636.0,76701.0,13347.0,158.0,2642744.0,2793531.0,921330.0,696565.0,380672.0,7434842.0,7434842.0,8561.0,872.0,97.0,2.0,3718.0,2989.0,1447.0,404.0,974.0,9532.0,9532.0
2003-03-01,8424311.0,159531.0,19628.0,375.0,2889451.0,3474453.0,1085299.0,521160.0,633482.0,8603845.0,8603845.0,11973.0,1674.0,102.0,2.0,5793.0,4407.0,1676.0,451.0,1424.0,13751.0,13751.0
2003-04-01,10168772.0,191862.0,16736.0,294.0,3654504.0,4098453.0,1331011.0,512629.0,781067.0,10377664.0,10377664.0,12432.0,2058.0,181.0,5.0,6035.0,4459.0,1925.0,455.0,1802.0,14676.0,14676.0
2003-05-01,8581948.0,145203.0,12484.0,97.0,3313691.0,3037308.0,1209869.0,529240.0,649624.0,8739732.0,8739732.0,11379.0,1643.0,124.0,3.0,5382.0,4123.0,1634.0,515.0,1495.0,13149.0,13149.0
2003-06-01,14745871.0,154936.0,94658.0,826.0,6600739.0,5750508.0,1002813.0,836633.0,805598.0,14996291.0,14996291.0,17138.0,1514.0,110.0,3.0,8951.0,6129.0,1590.0,550.0,1545.0,18765.0,18765.0
2003-07-01,10890093.0,121932.0,16594.0,581.0,4345376.0,3475879.0,1490908.0,1151228.0,565809.0,11029200.0,11029200.0,12052.0,1336.0,148.0,12.0,5718.0,4265.0,1522.0,550.0,1493.0,13548.0,13548.0
2003-08-01,8051225.0,113967.0,14612.0,1373.0,2875070.0,2859998.0,1119943.0,536691.0,789475.0,8181177.0,8181177.0,9546.0,1293.0,162.0,11.0,4083.0,3466.0,1429.0,564.0,1470.0,11012.0,11012.0
2003-09-01,6466304.0,106165.0,23920.0,1558.0,2700434.0,2041964.0,921785.0,441531.0,492233.0,6597947.0,6597947.0,8498.0,1165.0,153.0,9.0,3684.0,3166.0,1258.0,452.0,1265.0,9825.0,9825.0
2003-10-01,9303831.0,178955.0,15098.0,3234.0,4452379.0,2699857.0,1010940.0,488755.0,849187.0,9501118.0,9501118.0,11182.0,1906.0,131.0,3.0,4905.0,4092.0,1689.0,654.0,1882.0,13222.0,13222.0
2003-11-01,8005993.0,99652.0,17373.0,338.0,3406007.0,2319227.0,1054189.0,570899.0,773034.0,8123356.0,8123356.0,8960.0,1293.0,141.0,8.0,3464.0,3212.0,1580.0,442.0,1704.0,10402.0,10402.0
2003-12-01,9186647.0,79124.0,17459.0,0.0,3552028.0,3257428.0,904963.0,588466.0,980345.0,9283230.0,9283230.0,8164.0,1044.0,141.0,0.0,2850.0,2891.0,1483.0,470.0,1655.0,9349.0,9349.0
2004-01-01,4547654.0,48090.0,10804.0,25.0,1196476.0,1800731.0,988765.0,305599.0,315002.0,4606573.0,4606573.0,4967.0,580.0,113.0,1.0,1650.0,1893.0,1066.0,269.0,783.0,5661.0,5661.0
2004-02-01,6274505.0,183581.0,10921.0,0.0,2126741.0,2012309.0,853979.0,481927.0,994051.0,6469007.0,6469007.0,7669.0,917.0,81.0,0.0,2877.0,2878.0,1313.0,453.0,1146.0,8667.0,8667.0
2004-03-01,9501075.0,153713.0,136356.0,0.0,4116061.0,2873704.0,1327957.0,595916.0,877506.0,9791144.0,9791144.0,10974.0,1800.0,201.0,0.0,5033.0,4031.0,1657.0,477.0,1777.0,12975.0,12975.0
2004-04-01,7292600.0,183487.0,26191.0,0.0,2492311.0,2738559.0,929831.0,619158.0,722419.0,7502278.0,7502278.0,10229.0,1851.0,213.0,0.0,4553.0,3761.0,1512.0,547.0,1920.0,12293.0,12293.0
2004-05-01,7866338.0,134809.0,19292.0,0.0,2980978.0,2468974.0,1022873.0,517058.0,1030556.0,8020439.0,8020439.0,9246.0,1362.0,182.0,0.0,3870.0,3427.0,1380.0,499.0,1614.0,10790.0,10790.0
2004-06-01,11354723.0,96671.0,19841.0,0.0,5860223.0,2851044.0,956574.0,489102.0,1314292.0,11471235.0,11471235.0,9757.0,1254.0,171.0,0.0,3696.0,3689.0,1507.0,506.0,1784.0,11182.0,11182.0
2004-07-01,8465346.0,99427.0,19772.0,0.0,3249995.0,3084450.0,990873.0,538145.0,721082.0,8584545.0,8584545.0,8833.0,1198.0,165.0,0.0,3115.0,3233.0,1724.0,554.0,1570.0,10196.0,10196.0
2004-08-01,7014931.0,77375.0,13169.0,0.0,2659948.0,1991695.0,1446252.0,434023.0,573557.0,7105475.0,7105475.0,7653.0,1041.0,143.0,0.0,2637.0,2679.0,1684.0,481.0,1356.0,8837.0,8837.0
2004-09-01,6276557.0,75764.0,15732.0,0.0,2174344.0,2077692.0,913501.0,409126.0,793390.0,6368053.0,6368053.0,7498.0,981.0,158.0,0.0,2709.0,2695.0,1187.0,582.0,1464.0,8637.0,8637.0
2004-10-01,8395103.0,95429.0,17650.0,98.0,3988907.0,1958449.0,915824.0,628408.0,1016692.0,8508280.0,8508280.0,8998.0,1227.0,167.0,1.0,3225.0,3220.0,1571.0,677.0,1700.0,10393.0,10393.0
2004-11-01,6371169.0,82081.0,24975.0,0.0,2170650.0,1756933.0,885823.0,680718.0,984101.0,6478225.0,6478225.0,8858.0,1072.0,190.0,0.0,2716.0,2950.0,1648.0,634.0,2172.0,10120.0,10120.0
2004-12-01,6285481.0,75103.0,13847.0,49.0,1569916.0,1629577.0,1677177.0,739832.0,757978.0,6374480.0,6374480.0,8329.0,932.0,158.0,1.0,2108.0,2811.0,1808.0,703.0,1990.0,9420.0,9420.0
2005-01-01,5308449.0,38805.0,13527.0,0.0,1315389.0,1965327.0,1043633.0,486391.0,550041.0,5360781.0,5360781.0,6018.0,578.0,109.0,0.0,1491.0,1968.0,1581.0,435.0,1230.0,6705.0,6705.0
2005-02-01,4682771.0,36004.0,8912.0,0.0,1965687.0,939101.0,752185.0,417542.0,653172.0,4727687.0,4727687.0,4832.0,501.0,81.0,0.0,1389.0,1643.0,1053.0,301.0,1028.0,5414.0,5414.0
2005-03-01,8602117.0,93109.0,23717.0,189.0,3522032.0,2243009.0,1195732.0,873149.0,885210.0,8719132.0,8719132.0,9694.0,1156.0,206.0,1.0,3620.0,3327.0,1650.0,572.0,1888.0,11057.0,11057.0
2005-04-01,9488596.0,103256.0,18718.0,40.0,4383365.0,2210902.0,1227228.0,632205.0,1156910.0,9610610.0,9610610.0,10414.0,1262.0,210.0,1.0,3892.0,3537.0,1799.0,601.0,2058.0,11887.0,11887.0
2005-05-01,8550194.0,117898.0,23725.0,0.0,3753744.0,1950714.0,1103430.0,691827.0,1192102.0,8691817.0,8691817.0,10342.0,1434.0,194.0,0.0,3858.0,3430.0,1867.0,655.0,2160.0,11970.0,11970.0
2005-06-01,7010775.0,115425.0,21558.0,0.0,2743941.0,2045287.0,1036926.0,519976.0,801628.0,7147758.0,7147758.0,9172.0,1041.0,202.0,0.0,3173.0,3129.0,1705.0,570.0,1838.0,10415.0,10415.0
2005-07-01,6384569.0,66668.0,17663.0,165.0,1767840.0,1938089.0,1283647.0,711184.0,768305.0,6469065.0,6469065.0,7858.0,857.0,191.0,2.0,2538.0,2856.0,1550.0,540.0,1424.0,8908.0,8908.0
2005-08-01,6405602.0,132966.0,15526.0,344.0,2244451.0,1837182.0,1309120.0,574453.0,589232.0,6554438.0,6554438.0,8122.0,885.0,144.0,2.0,2659.0,2874.0,1617.0,549.0,1454.0,9153.0,9153.0
2005-09-01,6263745.0,68054.0,13909.0,0.0,2185586.0,1501489.0,1328014.0,377031.0,953608.0,6345708.0,6345708.0,8392.0,962.0,183.0,0.0,2746.0,2801.0,1717.0,556.0,1717.0,9537.0,9537.0
2005-10-01,6626646.0,75133.0,13244.0,0.0,2232129.0,1982896.0,1116459.0,507773.0,875766.0,6715023.0,6715023.0,8848.0,995.0,140.0,0.0,2774.0,3038.0,1655.0,692.0,1824.0,9983.0,9983.0
2005-11-01,8178522.0,77413.0,22882.0,0.0,3641090.0,1645480.0,1265283.0,661646.0,1065318.0,8278817.0,8278817.0,9830.0,1070.0,224.0,0.0,2713.0,3124.0,2162.0,816.0,2309.0,11124.0,11124.0
2005-12-01,5504078.0,50342.0,11545.0,0.0,1747207.0,1504510.0,1058424.0,538751.0,717073.0,5565965.0,5565965.0,7618.0,674.0,109.0,0.0,1857.0,2461.0,1824.0,483.0,1776.0,8401.0,8401.0
2006-01-01,3964042.0,38359.0,13605.0,0.0,1016271.0,1155951.0,982407.0,363926.0,497451.0,4016006.0,4016006.0,5933.0,539.0,111.0,0.0,1382.0,1921.0,1477.0,404.0,1399.0,6583.0,6583.0
2006-02-01,6380489.0,36371.0,11399.0,0.0,2635073.0,1447377.0,1089579.0,436441.0,819789.0,6428259.0,6428259.0,7282.0,590.0,149.0,0.0,2296.0,2309.0,1429.0,528.0,1459.0,8021.0,8021.0
2006-03-01,6905346.0,94804.0,22683.0,0.0,2203712.0,1763000.0,1348099.0,649087.0,1058935.0,7022833.0,7022833.0,11115.0,1245.0,247.0,0.0,3581.0,3571.0,2354.0,633.0,2468.0,12607.0,12607.0
2006-04-01,7503782.0,88258.0,27823.0,0.0,2821968.0,1744658.0,1310982.0,617645.0,1124610.0,7619863.0,7619863.0,10593.0,1178.0,274.0,0.0,3778.0,3277.0,1789.0,630.0,2571.0,12045.0,12045.0
2006-05-01,7271847.0,99071.0,29735.0,0.0,2559673.0,1897762.0,1153123.0,682428.0,1107667.0,7400653.0,7400653.0,11102.0,1275.0,293.0,0.0,4113.0,3441.0,1891.0,617.0,2608.0,12670.0,12670.0
2006-06-01,8731963.0,113230.0,33781.0,18.0,3462348.0,1958421.0,1377719.0,564583.0,1515921.0,8878992.0,8878992.0,11875.0,1532.0,397.0,2.0,4179.0,3407.0,2245.0,751.0,3224.0,13806.0,13806.0
2006-07-01,6546881.0,99391.0,26770.0,1020.0,1877027.0,1664484.0,1133680.0,967010.0,1031861.0,6674062.0,6674062.0,10395.0,1316.0,299.0,15.0,3290.0,3363.0,1967.0,536.0,2869.0,12025.0,12025.0
2006-08-01,7349190.0,106582.0,37332.0,759.0,1996641.0,2418800.0,1454966.0,650099.0,973357.0,7493863.0,7493863.0,11582.0,1437.0,427.0,23.0,4103.0,3755.0,2198.0,704.0,2709.0,13469.0,13469.0
2006-09-01,6335929.0,129886.0,44130.0,9024.0,1628142.0,1737490.0,1272008.0,820659.0,1060670.0,6518969.0,6518969.0,12371.0,1752.0,515.0,62.0,4983.0,3749.0,2225.0,780.0,2963.0,14700.0,14700.0
2006-10-01,6969764.0,101589.0,36982.0,14330.0,2504766.0,1798595.0,1217630.0,596243.0,1005431.0,7122665.0,7122665.0,11121.0,1440.0,479.0,88.0,4159.0,3455.0,1958.0,700.0,2856.0,13128.0,13128.0
2006-11-01,8263425.0,109162.0,43488.0,6701.0,3066045.0,1814176.0,1434111.0,616650.0,1491794.0,8422776.0,8422776.0,13422.0,1552.0,559.0,111.0,4562.0,4146.0,2291.0,854.0,3791.0,15644.0,15644.0
2006-12-01,7159114.0,69222.0,37662.0,5404.0,2661639.0,1569805.0,1305845.0,564852.0,1169261.0,7271402.0,7271402.0,10673.0,1115.0,453.0,101.0,3311.0,3235.0,2185.0,661.0,2950.0,12342.0,12342.0
2007-01-01,4900201.0,58543.0,33747.0,2953.0,1288508.0,1446985.0,1081863.0,499745.0,678343.0,4995444.0,4995444.0,8735.0,864.0,384.0,55.0,2839.0,2991.0,1775.0,530.0,1903.0,10038.0,10038.0
2007-02-01,6140836.0,63392.0,30203.0,3385.0,1766833.0,1946103.0,1333596.0,469848.0,721436.0,6237816.0,6237816.0,8781.0,832.0,337.0,81.0,3087.0,3118.0,1595.0,511.0,1720.0,10031.0,10031.0
2007-03-01,7638729.0,140240.0,59429.0,5765.0,2378402.0,2454944.0,1355061.0,765507.0,890249.0,7844163.0,7844163.0,14651.0,1824.0,676.0,112.0,6426.0,4719.0,2229.0,892.0,2997.0,17263.0,17263.0
2007-04-01,9922527.0,148540.0,62073.0,10688.0,3329549.0,2868172.0,1504430.0,1091710.0,1349967.0,10143828.0,10143828.0,15467.0,1968.0,754.0,146.0,6604.0,4905.0,2158.0,756.0,3912.0,18335.0,18335.0
2007-05-01,9600639.0,139684.0,71530.0,8180.0,3132459.0,2135344.0,2149255.0,851832.0,1551143.0,9820033.0,9820033.0,16030.0,1781.0,740.0,136.0,6523.0,5131.0,2402.0,858.0,3773.0,18687.0,18687.0
2007-06-01,9655064.0,121468.0,46513.0,7485.0,4551073.0,1963026.0,1192461.0,598749.0,1525221.0,9830530.0,9830530.0,13216.0,1538.0,564.0,118.0,5484.0,4175.0,2027.0,633.0,3117.0,15436.0,15436.0
2007-07-01,7778247.0,110001.0,38973.0,5737.0,2829100.0,2040280.0,1330944.0,568347.0,1164287.0,7932958.0,7932958.0,12265.0,1470.0,505.0,115.0,4823.0,3905.0,1796.0,754.0,3077.0,14355.0,14355.0
2007-08-01,8340355.0,127284.0,45549.0,79628.0,3308548.0,1959922.0,1434490.0,766880.0,1122976.0,8592816.0,8592816.0,12560.0,1579.0,581.0,124.0,5247.0,3860.0,1944.0,811.0,2982.0,14844.0,14844.0
2007-09-01,5867247.0,90146.0,39929.0,6215.0,2358728.0,1383082.0,786738.0,467887.0,1007102.0,6003537.0,6003537.0,10312.0,1210.0,484.0,104.0,4285.0,3357.0,1420.0,633.0,2415.0,12110.0,12110.0
2007-10-01,8072757.0,132316.0,61122.0,12076.0,2201127.0,1947707.0,1400825.0,1467303.0,1261309.0,8278271.0,8278271.0,15260.0,1745.0,708.0,192.0,6004.0,4939.0,2210.0,859.0,3893.0,17905.0,17905.0
2007-11-01,10885488.0,114304.0,54708.0,12597.0,4358046.0,3257203.0,1259653.0,583506.0,1608689.0,11067097.0,11067097.0,14308.0,1485.0,676.0,121.0,5174.0,4395.0,2019.0,756.0,4246.0,16590.0,16590.0
2007-12-01,5770804.0,80602.0,47185.0,4948.0,1241500.0,1768250.0,1325041.0,551218.0,1017530.0,5903539.0,5903539.0,11631.0,1129.0,557.0,104.0,3769.0,3732.0,1829.0,575.0,3516.0,13421.0,13421.0
2008-01-01,5835651.0,66544.0,50271.0,4438.0,1548098.0,1751750.0,1279504.0,551606.0,825946.0,5956904.0,5956904.0,10351.0,867.0,609.0,75.0,3454.0,3531.0,1814.0,653.0,2450.0,11902.0,11902.0
2008-02-01,3907641.0,59698.0,26811.0,3929.0,748497.0,1503441.0,817391.0,353376.0,575374.0,3998079.0,3998079.0,8516.0,745.0,332.0,75.0,3209.0,2727.0,1327.0,428.0,1977.0,9668.0,9668.0
2008-03-01,6423508.0,130026.0,56364.0,6015.0,1240043.0,1948182.0,1569247.0,789809.0,1068632.0,6615913.0,6615913.0,14345.0,1582.0,626.0,98.0,6056.0,4675.0,2165.0,610.0,3145.0,16651.0,16651.0
2008-04-01,6851017.0,169827.0,66428.0,5905.0,1569782.0,2119799.0,1849016.0,571533.0,983047.0,7093177.0,7093177.0,16407.0,2094.0,773.0,77.0,7537.0,5284.0,2251.0,719.0,3560.0,19351.0,19351.0
2008-05-01,8114099.0,163804.0,67950.0,3398.0,1548865.0,3372606.0,1588447.0,893370.0,945963.0,8349251.0,8349251.0,16228.0,1825.0,791.0,56.0,6908.0,5620.0,2188.0,806.0,3378.0,18900.0,18900.0
2008-06-01,6193013.0,130194.0,57230.0,3437.0,1328226.0,2049074.0,1491930.0,617470.0,897174.0,6383874.0,6383874.0,13920.0,1637.0,682.0,101.0,5962.0,4453.0,2001.0,706.0,3218.0,16340.0,16340.0
2008-07-01,6863112.0,133696.0,57486.0,3891.0,1320807.0,2268446.0,1724795.0,788445.0,955692.0,7058185.0,7058185.0,14070.0,1750.0,793.0,37.0,6156.0,4602.0,1960.0,778.0,3154.0,16650.0,16650.0
2008-08-01,4949564.0,96096.0,48268.0,2498.0,1134701.0,1528232.0,1237350.0,515731.0,680412.0,5096426.0,5096426.0,11608.0,1327.0,647.0,43.0,5106.0,3599.0,1538.0,764.0,2618.0,13625.0,13625.0
2008-09-01,5339234.0,108325.0,56812.0,2897.0,1132277.0,2059606.0,1071728.0,597593.0,646064.0,5507268.0,5507268.0,12375.0,1531.0,783.0,34.0,5450.0,4106.0,1556.0,783.0,2828.0,14723.0,14723.0
2008-10-01,5483245.0,133739.0,73684.0,1992.0,1238028.0,1656766.0,1323752.0,631271.0,842843.0,5692660.0,5692660.0,13842.0,1811.0,797.0,30.0,5927.0,4447.0,1767.0,905.0,3434.0,16480.0,16480.0
2008-11-01,6086022.0,99094.0,53160.0,1783.0,1387907.0,2008984.0,1355261.0,716951.0,770956.0,6240059.0,6240059.0,11298.0,1368.0,704.0,50.0,4397.0,3626.0,1397.0,799.0,3201.0,13420.0,13420.0
2008-12-01,7077349.0,72402.0,50194.0,2394.0,1466213.0,1353095.0,1331170.0,1937855.0,1114006.0,7202339.0,7202339.0,11960.0,1250.0,654.0,29.0,3781.0,3731.0,1962.0,727.0,3692.0,13893.0,13893.0
2009-01-01,3573393.0,43452.0,29166.0,1035.0,768076.0,745554.0,693990.0,682275.0,757151.0,3647046.0,3647046.0,6186.0,648.0,372.0,19.0,2049.0,1989.0,820.0,522.0,1845.0,7225.0,7225.0
2009-02-01,2941552.0,65820.0,40426.0,835.0,650093.0,960706.0,512778.0,395872.0,529184.0,3048633.0,3048633.0,7731.0,903.0,503.0,15.0,2893.0,2604.0,909.0,528.0,2218.0,9152.0,9152.0
2009-03-01,5863895.0,123777.0,59497.0,984.0,2243237.0,1328550.0,508022.0,715452.0,1252892.0,6048153.0,6048153.0,12073.0,1627.0,801.0,19.0,5515.0,3610.0,1309.0,850.0,3236.0,14520.0,14520.0
2009-04-01,5230699.0,161965.0,66121.0,2589.0,1456441.0,1294657.0,804708.0,785183.0,1120385.0,5461374.0,5461374.0,13832.0,2180.0,870.0,34.0,6388.0,4245.0,1487.0,871.0,3925.0,16916.0,16916.0
2009-05-01,5243569.0,129405.0,67150.0,2447.0,1321052.0,1601949.0,1026894.0,513890.0,978786.0,5442571.0,5442571.0,12468.0,1647.0,859.0,29.0,5510.0,3786.0,1476.0,729.0,3502.0,15003.0,15003.0
2009-06-01,5744601.0,123733.0,70383.0,6595.0,1427111.0,1837999.0,900942.0,763797.0,1015463.0,5945312.0,5945312.0,13564.0,1699.0,943.0,46.0,5950.0,4210.0,1565.0,862.0,3665.0,16252.0,16252.0
2009-07-01,5316342.0,107161.0,70889.0,7601.0,1249677.0,1742728.0,732385.0,923638.0,853565.0,5501993.0,5501993.0,12184.0,1452.0,992.0,145.0,5598.0,3808.0,1447.0,878.0,3042.0,14773.0,14773.0
2009-08-01,6286854.0,90862.0,68390.0,5643.0,2816968.0,1174209.0,773859.0,625356.0,1061357.0,6451749.0,6451749.0,11450.0,1149.0,834.0,79.0,5302.0,3501.0,1486.0,748.0,2475.0,13512.0,13512.0
2009-09-01,6316017.0,115220.0,65862.0,3456.0,1689373.0,1982459.0,1209034.0,628524.0,991165.0,6500555.0,6500555.0,13557.0,1519.0,836.0,86.0,6506.0,4075.0,1670.0,763.0,2984.0,15998.0,15998.0
2009-10-01,7710111.0,98969.0,57311.0,5057.0,3132671.0,1679978.0,1081813.0,556220.0,1420766.0,7871448.0,7871448.0,13740.0,1350.0,691.0,93.0,6375.0,3898.0,1626.0,689.0,3286.0,15874.0,15874.0
2009-11-01,6787383.0,95037.0,76430.0,4518.0,2052121.0,1704114.0,1125229.0,493419.0,1588485.0,6963368.0,6963368.0,13612.0,1327.0,922.0,102.0,6033.0,4053.0,1757.0,790.0,3330.0,15963.0,15963.0
2009-12-01,8226061.0,73418.0,63374.0,5873.0,3452191.0,1753740.0,1189857.0,588398.0,1384540.0,8368726.0,8368726.0,12958.0,1009.0,880.0,101.0,5071.0,3812.0,1853.0,957.0,3255.0,14948.0,14948.0
2010-01-01,5274654.0,147323.0,39123.0,5600.0,2354565.0,995752.0,825310.0,454100.0,836973.0,5466700.0,5466700.0,8363.0,627.0,468.0,70.0,3361.0,2411.0,1290.0,502.0,1964.0,9528.0,9528.0
2010-02-01,5256600.0,56541.0,36600.0,2495.0,1351050.0,1747796.0,827872.0,715106.0,710412.0,5352236.0,5352236.0,9020.0,719.0,432.0,70.0,3883.0,2673.0,1196.0,422.0,2067.0,10241.0,10241.0
2010-03-01,7346532.0,117029.0,69135.0,5624.0,1704515.0,2340757.0,1391301.0,789682.0,1312065.0,7538320.0,7538320.0,14782.0,1469.0,813.0,104.0,6976.0,4253.0,1771.0,769.0,3399.0,17168.0,17168.0
2010-04-01,9822080.0,153845.0,82915.0,6417.0,3670761.0,1797293.0,1704185.0,830272.0,2062746.0,10065257.0,10065257.0,17988.0,1957.0,1027.0,110.0,8417.0,4868.0,2200.0,920.0,4677.0,21082.0,21082.0
2010-05-01,6683700.0,194514.0,78176.0,3997.0,1672429.0,1943428.0,1353279.0,739749.0,1251502.0,6960387.0,6960387.0,15354.0,1625.0,984.0,121.0,7348.0,4246.0,1726.0,856.0,3908.0,18084.0,18084.0
2010-06-01,7387365.0,117376.0,74011.0,5542.0,2494937.0,1705316.0,1618978.0,536463.0,1228600.0,7584294.0,7584294.0,15657.0,1592.0,939.0,117.0,7139.0,4714.0,1979.0,795.0,3678.0,18305.0,18305.0
2010-07-01,6564800.0,91732.0,64152.0,3874.0,2295202.0,1486217.0,1008251.0,716034.0,1218854.0,6724558.0,6724558.0,13513.0,1223.0,837.0,103.0,5776.0,3886.0,1677.0,684.0,3653.0,15676.0,15676.0
2010-08-01,6604790.0,80736.0,69987.0,2680.0,2028270.0,1719775.0,1356905.0,661866.0,991377.0,6758193.0,6758193.0,12799.0,1064.0,809.0,86.0,5552.0,3804.0,1866.0,735.0,2801.0,14758.0,14758.0
2010-09-01,5672142.0,74831.0,52876.0,5284.0,1534950.0,1536861.0,975820.0,661287.0,1096215.0,5805133.0,5805133.0,11666.0,1024.0,634.0,86.0,5106.0,3460.0,1614.0,603.0,2627.0,13410.0,13410.0
2010-10-01,6630192.0,99537.0,75730.0,5110.0,2028347.0,1753363.0,1213669.0,586974.0,1228216.0,6810569.0,6810569.0,14999.0,1332.0,886.0,119.0,6704.0,4153.0,2081.0,761.0,3637.0,17336.0,17336.0
2010-11-01,7359912.0,100399.0,79340.0,2946.0,1930594.0,1869861.0,1475939.0,995988.0,1270215.0,7542597.0,7542597.0,15912.0,1290.0,998.0,61.0,6388.0,4566.0,2251.0,892.0,4164.0,18261.0,18261.0
2010-12-01,5737430.0,74702.0,59364.0,2473.0,1349979.0,1537860.0,1170820.0,648151.0,1167159.0,5873969.0,5873969.0,12827.0,986.0,758.0,50.0,4853.0,3705.0,1745.0,690.0,3628.0,14621.0,14621.0
2011-01-01,4732145.0,50256.0,31679.0,1529.0,1161394.0,1285569.0,940599.0,581448.0,846599.0,4815609.0,4815609.0,8919.0,671.0,422.0,32.0,3305.0,2512.0,1610.0,456.0,2161.0,10044.0,10044.0
2011-02-01,4828572.0,54009.0,40666.0,676.0,1700062.0,1137709.0,884698.0,342497.0,858957.0,4923923.0,4923923.0,9044.0,628.0,491.0,18.0,4154.0,2656.0,1177.0,377.0,1817.0,10181.0,10181.0
2011-03-01,9371459.0,128889.0,81541.0,4620.0,3290950.0,2605804.0,1670516.0,635645.0,1383594.0,9586509.0,9586509.0,17401.0,1581.0,926.0,69.0,9064.0,4866.0,2068.0,719.0,3260.0,19977.0,19977.0
2011-04-01,10029005.0,152750.0,86907.0,3164.0,4339367.0,2303897.0,1372542.0,661465.0,1594555.0,10271826.0,10271826.0,17985.0,1881.0,1040.0,56.0,9889.0,4816.0,1910.0,664.0,3683.0,20962.0,20962.0
2011-05-01,9249206.0,127514.0,82918.0,1897.0,3530105.0,2238975.0,1507891.0,852019.0,1332545.0,9461535.0,9461535.0,17003.0,1674.0,952.0,36.0,9098.0,4497.0,1879.0,679.0,3512.0,19665.0,19665.0
2011-06-01,7721454.0,115848.0,74855.0,3736.0,2337042.0,2338211.0,1276075.0,617609.0,1346956.0,7915893.0,7915893.0,16443.0,1462.0,954.0,60.0,8011.0,4786.0,2096.0,673.0,3353.0,18919.0,18919.0
2011-07-01,6591834.0,73934.0,71852.0,1771.0,2312826.0,1617745.0,1472705.0,437666.0,898449.0,6739391.0,6739391.0,13635.0,1083.0,795.0,32.0,6671.0,4000.0,1692.0,546.0,2636.0,15545.0,15545.0
2011-08-01,8077176.0,83411.0,65329.0,1703.0,3265800.0,1923505.0,1130179.0,696931.0,1211204.0,8227619.0,8227619.0,14271.0,1096.0,770.0,26.0,7206.0,3811.0,1775.0,686.0,2685.0,16163.0,16163.0
2011-09-01,7517236.0,85464.0,70910.0,2151.0,2838961.0,1950896.0,1325817.0,408190.0,1151897.0,7675761.0,7675761.0,14412.0,1113.0,804.0,30.0,7441.0,4155.0,1565.0,584.0,2614.0,16359.0,16359.0
2011-10-01,11108427.0,91011.0,87857.0,1862.0,5483566.0,1930404.0,1411321.0,534926.0,1928940.0,11289157.0,11289157.0,15953.0,1230.0,1050.0,27.0,8128.0,4192.0,1856.0,854.0,3230.0,18260.0,18260.0
2011-11-01,10575738.0,87425.0,85136.0,2542.0,4700591.0,2591495.0,1441561.0,555291.0,1461903.0,10750841.0,10750841.0,15552.0,1126.0,965.0,37.0,7503.0,4334.0,2000.0,691.0,3152.0,17680.0,17680.0
2011-12-01,7048958.0,59375.0,80309.0,3194.0,2680659.0,1949576.0,996132.0,533406.0,1032063.0,7191836.0,7191836.0,13368.0,839.0,868.0,33.0,6210.0,3931.0,1580.0,656.0,2731.0,15108.0,15108.0
2012-01-01,5498846.0,42120.0,52883.0,2044.0,2021323.0,1413004.0,672106.0,398615.0,1090845.0,5595893.0,5595893.0,9796.0,582.0,591.0,31.0,4521.0,2751.0,1229.0,505.0,1994.0,11000.0,11000.0
2012-02-01,7156456.0,60137.0,49930.0,4364.0,2996436.0,1816051.0,1002009.0,471530.0,984861.0,7270887.0,7270887.0,11818.0,762.0,576.0,34.0,6015.0,3204.0,1469.0,524.0,1978.0,13190.0,13190.0
2012-03-01,9469108.0,94315.0,88627.0,1871.0,4183498.0,2065804.0,1211645.0,630551.0,1562423.0,9653921.0,9653921.0,16420.0,1314.0,1169.0,26.0,9121.0,4381.0,1914.0,796.0,2717.0,18929.0,18929.0
2012-04-01,8853749.0,120598.0,92630.0,3609.0,3508734.0,2050694.0,1417930.0,818748.0,1274480.0,9070586.0,9070586.0,16820.0,1519.0,1089.0,56.0,9800.0,4465.0,1817.0,669.0,2733.0,19484.0,19484.0
2012-05-01,10292269.0,122893.0,107742.0,3822.0,4042711.0,2892692.0,1354305.0,986806.0,1250212.0,10526726.0,10526726.0,17691.0,1617.0,1232.0,52.0,10195.0,4776.0,1946.0,692.0,2983.0,20592.0,20592.0
2012-06-01,8540287.0,98312.0,77277.0,2824.0,3481971.0,2186263.0,1274916.0,550299.0,1225251.0,8718700.0,8718700.0,15761.0,1234.0,924.0,47.0,8157.0,4384.0,1825.0,669.0,2931.0,17966.0,17966.0
2012-07-01,7848739.0,72186.0,67928.0,2585.0,2880162.0,2421127.0,1120484.0,711655.0,858010.0,7991438.0,7991438.0,14208.0,1058.0,859.0,39.0,6931.0,4196.0,1707.0,792.0,2538.0,16164.0,16164.0
2012-08-01,8371971.0,59557.0,69467.0,3593.0,3673899.0,1765966.0,1121248.0,811413.0,1132062.0,8504588.0,8504588.0,12801.0,855.0,754.0,43.0,6471.0,3551.0,1426.0,646.0,2359.0,14453.0,14453.0
2012-09-01,7423073.0,71596.0,61827.0,3935.0,3336868.0,1729780.0,1056004.0,484921.0,952858.0,7560431.0,7560431.0,12866.0,939.0,725.0,45.0,6630.0,3794.0,1508.0,631.0,2012.0,14575.0,14575.0
2012-10-01,8535549.0,73430.0,75786.0,2364.0,3331533.0,1893016.0,1213170.0,553307.0,1696103.0,8687129.0,8687129.0,13668.0,1038.0,962.0,32.0,7001.0,3943.0,1439.0,691.0,2626.0,15700.0,15700.0
2012-11-01,9818295.0,80414.0,68316.0,1996.0,3705063.0,2260159.0,1576230.0,578364.0,1849205.0,9969021.0,9969021.0,14825.0,1074.0,878.0,37.0,7001.0,4344.0,1840.0,760.0,2869.0,16814.0,16814.0
2012-12-01,5990913.0,38317.0,48377.0,2199.0,2052130.0,1573072.0,937072.0,567244.0,950288.0,6079806.0,6079806.0,10485.0,590.0,610.0,37.0,4840.0,2946.0,1328.0,572.0,2036.0,11722.0,11722.0
2013-01-01,6251651.0,39888.0,38509.0,2297.0,1791233.0,1971605.0,974514.0,787845.0,807148.0,6332345.0,6332345.0,8579.0,508.0,459.0,30.0,3661.0,2481.0,1227.0,469.0,1738.0,9576.0,9576.0
2013-02-01,7742816.0,41793.0,44891.0,2500.0,3116628.0,1435649.0,1006568.0,409908.0,1863247.0,7832000.0,7832000.0,9067.0,570.0,538.0,35.0,4506.0,2503.0,1244.0,430.0,1527.0,10210.0,10210.0
2013-03-01,8417170.0,89506.0,91962.0,4071.0,3627938.0,2022957.0,1192286.0,595375.0,1164153.0,8602709.0,8602709.0,14274.0,1141.0,1009.0,55.0,7728.0,4144.0,1700.0,593.0,2314.0,16479.0,16479.0
2013-04-01,9633037.0,112945.0,107952.0,3544.0,3935094.0,2489175.0,1436365.0,715849.0,1280995.0,9857478.0,9857478.0,17538.0,1535.0,1202.0,50.0,10101.0,4760.0,1987.0,692.0,2785.0,20325.0,20325.0
2013-05-01,8179949.0,116418.0,88119.0,4062.0,3034862.0,2394333.0,1335670.0,598627.0,1025056.0,8388548.0,8388548.0,16739.0,1462.0,1115.0,54.0,9196.0,4798.0,1901.0,753.0,2722.0,19370.0,19370.0
2013-06-01,8285308.0,78332.0,67664.0,3341.0,3461379.0,2039073.0,1052424.0,521172.0,1360597.0,8434645.0,8434645.0,14297.0,1016.0,843.0,57.0,7278.0,4022.0,1640.0,603.0,2670.0,16213.0,16213.0
2013-07-01,7838763.0,72544.0,83750.0,3638.0,2545426.0,2085428.0,1388816.0,665743.0,1313282.0,7998695.0,7998695.0,15159.0,1017.0,908.0,66.0,7333.0,4300.0,1968.0,622.0,2927.0,17150.0,17150.0
2013-08-01,9193318.0,68970.0,69297.0,4794.0,3271492.0,2787188.0,1416996.0,830675.0,1030028.0,9336379.0,9336379.0,13763.0,897.0,774.0,48.0,6765.0,3968.0,1798.0,699.0,2252.0,15482.0,15482.0
2013-09-01,7252631.0,61048.0,70580.0,2639.0,3143718.0,1642886.0,1195086.0,385096.0,1020112.0,7386898.0,7386898.0,13053.0,842.0,774.0,42.0,6653.0,3843.0,1628.0,548.0,2039.0,14711.0,14711.0
2013-10-01,9839517.0,76611.0,95589.0,3789.0,3754280.0,2698677.0,1402513.0,757024.0,1403012.0,10015506.0,10015506.0,15689.0,1057.0,1075.0,47.0,7905.0,4543.0,2000.0,646.0,2774.0,17868.0,17868.0
2013-11-01,9646929.0,69222.0,82183.0,2593.0,4131527.0,2132695.0,1488349.0,614400.0,1433956.0,9800927.0,9800927.0,14291.0,980.0,961.0,38.0,6992.0,4110.0,1913.0,675.0,2580.0,16270.0,16270.0
2013-12-01,10206702.0,41923.0,57527.0,4242.0,5759646.0,1976862.0,1030004.0,485950.0,1057932.0,10310394.0,10310394.0,12457.0,703.0,682.0,49.0,5626.0,3585.0,1595.0,620.0,2465.0,13891.0,13891.0
2014-01-01,5127499.0,30550.0,52846.0,3293.0,2208314.0,1257872.0,548290.0,482914.0,716798.0,5214188.0,5214188.0,8909.0,465.0,573.0,32.0,4080.0,2678.0,1098.0,393.0,1730.0,9979.0,9979.0
2014-02-01,7208432.0,46439.0,53144.0,2779.0,3097151.0,2095484.0,860425.0,337191.0,920543.0,7310794.0,7310794.0,11077.0,599.0,615.0,28.0,5679.0,3132.0,1106.0,432.0,1970.0,12319.0,12319.0
2014-03-01,10458494.0,84074.0,88997.0,6942.0,3745062.0,3464359.0,1598396.0,704151.0,1126539.0,10638507.0,10638507.0,16073.0,1079.0,950.0,50.0,8769.0,4492.0,1745.0,563.0,2583.0,18152.0,18152.0
2014-04-01,11208065.0,107872.0,122446.0,6283.0,4817054.0,2822812.0,1449117.0,537371.0,1818312.0,11444666.0,11444666.0,18667.0,1377.0,1438.0,82.0,10574.0,5120.0,1930.0,624.0,3316.0,21564.0,21564.0
2014-05-01,8760044.0,87020.0,97432.0,5039.0,3514569.0,2373044.0,1512612.0,337682.0,1211628.0,8949535.0,8949535.0,16522.0,1185.0,1082.0,74.0,8959.0,4540.0,1780.0,473.0,3111.0,18863.0,18863.0
2014-06-01,8776223.0,73403.0,78503.0,3448.0,3569510.0,2275504.0,1312958.0,508919.0,1264686.0,8931577.0,8931577.0,15317.0,998.0,965.0,49.0,7933.0,4323.0,1704.0,604.0,2765.0,17329.0,17329.0
2014-07-01,8196783.0,72050.0,79077.0,5671.0,3202157.0,2247216.0,1332045.0,473904.0,1098259.0,8353581.0,8353581.0,16827.0,988.0,972.0,63.0,8379.0,4729.0,1869.0,668.0,3205.0,18850.0,18850.0
2014-08-01,8240309.0,62918.0,86717.0,3444.0,3425797.0,2245119.0,1130700.0,526952.0,1064820.0,8393388.0,8393388.0,13690.0,781.0,948.0,52.0,7065.0,3924.0,1717.0,483.0,2282.0,15471.0,15471.0
2014-09-01,10355225.0,66702.0,85992.0,2968.0,4815395.0,2624104.0,1335968.0,487805.0,1247615.0,10510887.0,10510887.0,13999.0,885.0,950.0,34.0,7481.0,3947.0,1520.0,552.0,2368.0,15868.0,15868.0
2014-10-01,14129884.0,73726.0,103312.0,4676.0,6268545.0,3053532.0,1412921.0,1461948.0,2114652.0,14311598.0,14311598.0,17016.0,1047.0,1132.0,62.0,9204.0,4650.0,1903.0,675.0,2825.0,19257.0,19257.0
2014-11-01,10491439.0,64452.0,84386.0,4941.0,5027588.0,2436050.0,1300702.0,407690.0,1473188.0,10645218.0,10645218.0,15144.0,881.0,982.0,74.0,7538.0,4536.0,1712.0,531.0,2764.0,17081.0,17081.0
2014-12-01,7093502.0,57056.0,77617.0,4725.0,2274637.0,2233511.0,1082889.0,647562.0,994301.0,7232900.0,7232900.0,12944.0,774.0,886.0,53.0,6193.0,3842.0,1595.0,488.0,2539.0,14657.0,14657.0
2015-01-01,7472331.0,42570.0,56502.0,1975.0,2737356.0,2538830.0,777386.0,448495.0,1071311.0,7573378.0,7573378.0,10388.0,573.0,656.0,23.0,4867.0,3203.0,1263.0,457.0,1850.0,11640.0,11640.0
2015-02-01,7138957.0,40624.0,60047.0,2961.0,2948885.0,2157459.0,895285.0,379544.0,861416.0,7242589.0,7242589.0,10064.0,560.0,689.0,35.0,5522.0,2917.0,1049.0,390.0,1470.0,11348.0,11348.0
2015-03-01,13013344.0,83077.0,118828.0,6651.0,6103848.0,3278453.0,1524442.0,685258.0,1629899.0,13221900.0,13221900.0,18302.0,1066.0,1290.0,72.0,10662.0,4974.0,1787.0,630.0,2677.0,20730.0,20730.0
2015-04-01,13553237.0,107759.0,122995.0,6449.0,6003310.0,3873718.0,1607734.0,922518.0,1383160.0,13790440.0,13790440.0,20009.0,1352.0,1410.0,69.0,12013.0,5433.0,2050.0,572.0,2772.0,22840.0,22840.0
2015-05-01,12886220.0,78488.0,101233.0,4700.0,5686806.0,3841836.0,1286495.0,964591.0,1290913.0,13070641.0,13070641.0,17279.0,1128.0,1180.0,65.0,10334.0,4784.0,1600.0,532.0,2402.0,19652.0,19652.0
2015-06-01,15543760.0,88802.0,109210.0,7355.0,7254713.0,4556155.0,1444575.0,701519.0,1792165.0,15749127.0,15749127.0,20015.0,1133.0,1388.0,94.0,11187.0,5427.0,2131.0,736.0,3149.0,22630.0,22630.0
2015-07-01,12028142.0,79198.0,104092.0,5900.0,5014324.0,3483190.0,1604243.0,550492.0,1565083.0,12217332.0,12217332.0,18361.0,1140.0,1207.0,80.0,10307.0,5200.0,1929.0,653.0,2699.0,20788.0,20788.0
2015-08-01,13032709.0,69894.0,95518.0,7040.0,5990158.0,3604998.0,1125925.0,594127.0,1889953.0,13205161.0,13205161.0,16085.0,891.0,1075.0,89.0,9028.0,4588.0,1544.0,610.0,2370.0,18140.0,18140.0
2015-09-01,10876393.0,69703.0,93791.0,6068.0,4943918.0,2832205.0,1560040.0,468052.0,1241740.0,11045955.0,11045955.0,17118.0,912.0,1073.0,65.0,9720.0,4873.0,1592.0,519.0,2464.0,19168.0,19168.0
2015-10-01,17939283.0,67690.0,119553.0,4024.0,9279701.0,3897396.0,1631684.0,859889.0,2461880.0,18130550.0,18130550.0,19185.0,937.0,1391.0,60.0,10554.0,5344.0,1908.0,690.0,3077.0,21573.0,21573.0
2015-11-01,15794917.0,58668.0,102676.0,3343.0,7630710.0,4478632.0,1290640.0,537883.0,2021739.0,15959604.0,15959604.0,17696.0,824.0,1191.0,82.0,9438.0,5002.0,1827.0,655.0,2871.0,19793.0,19793.0
2015-12-01,11257773.0,62627.0,88894.0,2463.0,4572710.0,3298323.0,1238282.0,907601.0,1394841.0,11411757.0,11411757.0,15745.0,791.0,1045.0,58.0,8294.0,4597.0,1534.0,632.0,2582.0,17639.0,17639.0
2016-01-01,6810075.0,48562.0,73286.0,6104.0,2619056.0,2244166.0,793478.0,342429.0,938898.0,6938027.0,6938027.0,10811.0,617.0,810.0,118.0,5964.0,3185.0,1145.0,468.0,1594.0,12356.0,12356.0
2016-02-01,8765940.0,38993.0,76758.0,4367.0,3607595.0,2908573.0,1132661.0,343898.0,893331.0,8886058.0,8886058.0,11594.0,483.0,874.0,75.0,6690.0,3218.0,1103.0,352.0,1663.0,13026.0,13026.0
2016-03-01,12465310.0,81307.0,137139.0,3315.0,5223778.0,3833521.0,1312559.0,705213.0,1612000.0,12687071.0,12687071.0,19732.0,1049.0,1523.0,71.0,11570.0,5615.0,1662.0,646.0,2882.0,22375.0,22375.0
2016-04-01,14225590.0,87507.0,138335.0,4251.0,6854508.0,3228768.0,1254326.0,589039.0,2529042.0,14455683.0,14455683.0,19980.0,1152.0,1492.0,128.0,11970.0,5358.0,1686.0,570.0,3168.0,22752.0,22752.0
2016-05-01,13067580.0,85597.0,122704.0,4076.0,5895655.0,3623018.0,1500241.0,652971.0,1608072.0,13279957.0,13279957.0,19254.0,1131.0,1316.0,90.0,11071.0,5297.0,1854.0,527.0,3042.0,21791.0,21791.0
2016-06-01,12597506.0,67280.0,123941.0,4084.0,5289210.0,3231233.0,1415461.0,589792.0,2267115.0,12792811.0,12792811.0,19199.0,959.0,1416.0,91.0,10610.0,5536.0,1686.0,660.0,3173.0,21665.0,21665.0
2016-07-01,12744218.0,57739.0,112154.0,3131.0,5388377.0,3567712.0,1412440.0,674131.0,1874582.0,12917242.0,12917242.0,19079.0,846.0,1302.0,70.0,10367.0,5542.0,1819.0,575.0,2994.0,21297.0,21297.0
2016-08-01,11346038.0,58599.0,114534.0,2744.0,4693286.0,3113193.0,1672695.0,534047.0,1508694.0,11521915.0,11521915.0,17697.0,815.0,1212.0,86.0,10022.0,4810.0,1740.0,485.0,2753.0,19810.0,19810.0
2016-09-01,11225295.0,50155.0,101921.0,3225.0,5370137.0,2898629.0,976365.0,550161.0,1585304.0,11380596.0,11380596.0,15040.0,768.0,1171.0,59.0,8462.0,4202.0,1337.0,567.0,2470.0,17038.0,17038.0
2016-10-01,11605737.0,67724.0,119511.0,4194.0,5071826.0,3171270.0,1328437.0,493336.0,1732297.0,11797166.0,11797166.0,17127.0,833.0,1364.0,134.0,9561.0,4770.0,1460.0,570.0,3097.0,19458.0,19458.0
2016-11-01,15140656.0,54786.0,125831.0,3947.0,7096450.0,3810709.0,1343927.0,855373.0,2218761.0,15325220.0,15325220.0,18634.0,815.0,1375.0,100.0,9742.0,5425.0,1725.0,595.0,3437.0,20924.0,20924.0
2016-12-01,11727680.0,49399.0,100330.0,6380.0,4941174.0,3298826.0,1316746.0,634914.0,1692129.0,11883789.0,11883789.0,17552.0,730.0,1090.0,108.0,9132.0,4859.0,1534.0,666.0,3289.0,19480.0,19480.0
2017-01-01,7851939.0,33451.0,88950.0,6521.0,2899247.0,2264173.0,1260814.0,576789.0,979838.0,7980861.0,7980861.0,12586.0,491.0,964.0,89.0,6964.0,3629.0,1067.0,385.0,2085.0,14130.0,14130.0
2017-02-01,8982613.0,45054.0,91103.0,10491.0,3681970.0,2604645.0,1063598.0,612990.0,1166058.0,9129261.0,9129261.0,12960.0,581.0,967.0,82.0,7400.0,3554.0,1065.0,359.0,2212.0,14590.0,14590.0
2017-03-01,11309191.0,49846.0,123717.0,1607.0,4589369.0,3384180.0,1460224.0,682722.0,1367866.0,11484361.0,11484361.0,16362.0,740.0,1241.0,108.0,9210.0,4441.0,1407.0,423.0,2970.0,18451.0,18451.0
2017-04-01,10068449.0,53459.0,126027.0,3094.0,3343209.0,3519637.0,1371182.0,488447.0,1528554.0,10251029.0,10251029.0,16673.0,768.0,1351.0,87.0,9396.0,4639.0,1333.0,489.0,3022.0,18879.0,18879.0
2017-05-01,10139076.0,54763.0,119699.0,33291.0,3555877.0,3252151.0,1325143.0,650038.0,1563620.0,10346829.0,10346829.0,16804.0,789.0,1351.0,81.0,9172.0,4669.0,1412.0,476.0,3296.0,19025.0,19025.0
2017-06-01,11849715.0,46611.0,110845.0,3253.0,4686124.0,3062290.0,1643771.0,489894.0,2128345.0,12010424.0,12010424.0,16909.0,679.0,1201.0,80.0,9015.0,4699.0,1402.0,544.0,3209.0,18869.0,18869.0
2017-07-01,9756021.0,44187.0,100528.0,5321.0,3569943.0,2991542.0,1269431.0,463144.0,1611997.0,9906057.0,9906057.0,15411.0,595.0,1135.0,92.0,7991.0,4150.0,1408.0,473.0,3211.0,17233.0,17233.0
2017-08-01,11257806.0,30650.0,106061.0,5160.0,4779519.0,3082586.0,1315334.0,529261.0,1692977.0,11399677.0,11399677.0,15690.0,541.0,1107.0,94.0,7929.0,4263.0,1415.0,470.0,3355.0,17432.0,17432.0
2017-09-01,11249801.0,37089.0,115915.0,3006.0,4159700.0,3974043.0,1209878.0,524851.0,1537339.0,11405811.0,11405811.0,17767.0,689.0,1313.0,75.0,8923.0,4895.0,1577.0,494.0,3955.0,19844.0,19844.0
2017-10-01,8641211.0,32798.0,88610.0,3043.0,3303435.0,2592704.0,901257.0,444280.0,1523986.0,8765662.0,8765662.0,12985.0,480.0,983.0,65.0,6316.0,3484.0,1206.0,442.0,3065.0,14513.0,14513.0
2017-11-01,13120982.0,36535.0,127060.0,4401.0,5190391.0,3726058.0,1576168.0,466991.0,2329370.0,13288978.0,13288978.0,18025.0,622.0,1341.0,125.0,8181.0,4880.0,1598.0,546.0,4908.0,20113.0,20113.0
2017-12-01,11675642.0,29131.0,86613.0,40961.0,4918026.0,3286019.0,1045042.0,476713.0,2106547.0,11832347.0,11832347.0,14268.0,519.0,984.0,85.0,6288.0,3697.0,1171.0,466.0,4234.0,15856.0,15856.0
2018-01-01,8131766.0,22997.0,55097.0,4128.0,2135304.0,2891965.0,941413.0,566933.0,1678373.0,8213988.0,8213988.0,12042.0,347.0,641.0,99.0,4493.0,3033.0,922.0,451.0,4230.0,13129.0,13129.0
2018-02-01,6859243.0,18144.0,60703.0,44264.0,2431040.0,1920888.0,628804.0,392713.0,1608909.0,6982354.0,6982354.0,11258.0,330.0,630.0,150.0,4639.0,2732.0,740.0,304.0,3953.0,12368.0,12368.0
2018-03-01,13246006.0,27205.0,107345.0,51125.0,5654651.0,3143518.0,1033950.0,571819.0,3027743.0,13431681.0,13431681.0,19712.0,505.0,1100.0,235.0,8627.0,4739.0,1335.0,484.0,6367.0,21552.0,21552.0
2018-04-01,11334493.0,26804.0,121071.0,15945.0,3665195.0,3293154.0,1397625.0,567363.0,2574976.0,11498313.0,11498313.0,20501.0,582.0,1294.0,279.0,8820.0,5131.0,1443.0,580.0,6682.0,22656.0,22656.0
2018-05-01,13181738.0,34183.0,124969.0,29873.0,4559152.0,3838046.0,1699730.0,646466.0,2627369.0,13370763.0,13370763.0,20226.0,554.0,1462.0,273.0,9012.0,4918.0,1534.0,816.0,6235.0,22515.0,22515.0
2018-06-01,10262456.0,24233.0,100882.0,17141.0,3496567.0,2858926.0,1502310.0,536422.0,2010487.0,10404712.0,10404712.0,18261.0,470.0,1066.0,289.0,8092.0,4702.0,1403.0,444.0,5445.0,20086.0,20086.0
2018-07-01,9199783.0,26518.0,95020.0,11073.0,2764151.0,2740241.0,1349877.0,694408.0,1783717.0,9332394.0,9332394.0,17122.0,427.0,1028.0,237.0,7215.0,4607.0,1402.0,547.0,5043.0,18814.0,18814.0
2018-08-01,9358884.0,14946.0,86247.0,15187.0,2998141.0,2852099.0,1674976.0,476241.0,1473807.0,9475264.0,9475264.0,15505.0,343.0,888.0,226.0,6500.0,4345.0,1341.0,472.0,4304.0,16962.0,16962.0
2018-09-01,8703086.0,13416.0,82251.0,12517.0,2491060.0,3068948.0,1022563.0,352472.0,1876227.0,8811270.0,8811270.0,13317.0,295.0,843.0,201.0,5564.0,3592.0,1036.0,408.0,4056.0,14656.0,14656.0
2018-10-01,10409085.0,30066.0,97439.0,17235.0,2643440.0,3593548.0,1536371.0,456451.0,2324015.0,10553825.0,10553825.0,18422.0,510.0,1045.0,306.0,7489.0,4670.0,1515.0,549.0,6060.0,20283.0,20283.0
2018-11-01,9968795.0,22748.0,92939.0,28937.0,2869988.0,3037170.0,1347173.0,453998.0,2405090.0,10113419.0,10113419.0,16885.0,456.0,1038.0,305.0,6184.0,4590.0,1402.0,470.0,6038.0,18684.0,18684.0
2018-12-01,8938740.0,15376.0,67518.0,11119.0,3224380.0,2140014.0,864408.0,463515.0,2340436.0,9032753.0,9032753.0,13090.0,293.0,793.0,221.0,4665.0,3529.0,983.0,498.0,4722.0,14397.0,14397.0
2019-01-01,7896853.0,15165.0,49638.0,54192.0,2113815.0,2371376.0,1192622.0,438659.0,1899376.0,8015848.0,8015848.0,12047.0,308.0,531.0,262.0,3954.0,3098.0,856.0,430.0,4810.0,13148.0,13148.0
2019-02-01,7374364.0,11773.0,52287.0,34166.0,2392668.0,2146293.0,665129.0,412482.0,1856018.0,7472590.0,7472590.0,10493.0,261.0,489.0,199.0,3987.0,2784.0,707.0,307.0,3657.0,11442.0,11442.0
2019-03-01,10126517.0,18881.0,92460.0,421667.0,3486945.0,2813243.0,1516378.0,481340.0,2361619.0,10659525.0,10659525.0,15643.0,375.0,981.0,352.0,6593.0,4348.0,1205.0,481.0,4724.0,17351.0,17351.0
2019-04-01,10816280.0,19587.0,102341.0,75857.0,4098393.0,2665539.0,1184690.0,542363.0,2523080.0,11014065.0,11014065.0,17562.0,444.0,1094.0,313.0,7351.0,4764.0,1257.0,515.0,5526.0,19413.0,19413.0
2019-05-01,10952259.0,15422.0,102342.0,30639.0,3831703.0,2716266.0,1637909.0,486842.0,2427942.0,11100662.0,11100662.0,17153.0,458.0,1087.0,376.0,7402.0,4492.0,1208.0,461.0,5511.0,19074.0,19074.0
2019-06-01,9059686.0,15101.0,72546.0,18316.0,2704028.0,2606304.0,1336852.0,352755.0,2165710.0,9165649.0,9165649.0,14992.0,349.0,818.0,285.0,5935.0,4106.0,1245.0,402.0,4756.0,16444.0,16444.0
2019-07-01,8805351.0,16206.0,89309.0,25691.0,2684613.0,2334068.0,1340101.0,617571.0,1960204.0,8936557.0,8936557.0,15650.0,462.0,976.0,380.0,5996.0,4110.0,1248.0,528.0,5586.0,17468.0,17468.0
2019-08-01,7883209.0,17734.0,74346.0,21900.0,2665797.0,1740432.0,1226640.0,307081.0,2057239.0,7997189.0,7997189.0,13900.0,377.0,826.0,282.0,4940.0,3607.0,1057.0,399.0,5382.0,15385.0,15385.0
2019-09-01,6731474.0,14990.0,62375.0,22292.0,1553559.0,2001135.0,1063703.0,443635.0,1769099.0,6831131.0,6831131.0,13540.0,347.0,724.0,313.0,4523.0,3456.0,1003.0,514.0,5428.0,14924.0,14924.0
2019-10-01,10312413.0,13595.0,80895.0,139051.0,3133944.0,2474000.0,1141982.0,654888.0,3141140.0,10545954.0,10545954.0,16862.0,431.0,894.0,454.0,5712.0,4423.0,1293.0,527.0,6686.0,18641.0,18641.0
2019-11-01,9679584.0,16032.0,80450.0,18329.0,2843033.0,2355142.0,1482247.0,559702.0,2554271.0,9794395.0,9794395.0,15522.0,412.0,902.0,336.0,5054.0,4224.0,1250.0,550.0,6094.0,17172.0,17172.0
2019-12-01,8028662.0,18024.0,63552.0,27504.0,1850218.0,2262057.0,1146480.0,490240.0,2388747.0,8137742.0,8137742.0,13080.0,301.0,689.0,415.0,4316.0,3583.0,931.0,481.0,5174.0,14485.0,14485.0
2020-01-01,6188425.0,12084.0,44997.0,12085.0,1593344.0,1821887.0,717548.0,555113.0,1569699.0,6257591.0,6257591.0,9688.0,197.0,494.0,248.0,3157.0,2631.0,767.0,350.0,3722.0,10627.0,10627.0
2020-02-01,7727678.0,16115.0,58119.0,13412.0,2048422.0,1612003.0,890331.0,526306.0,2738262.0,7815324.0,7815324.0,11282.0,272.0,585.0,258.0,3925.0,3177.0,845.0,402.0,4048.0,12397.0,12397.0
2020-03-01,11956820.0,16117.0,79636.0,248175.0,3311909.0,3895442.0,1634466.0,499500.0,2959431.0,12300748.0,12300748.0,16027.0,353.0,907.0,417.0,6119.0,4419.0,1282.0,421.0,5463.0,17704.0,17704.0
2020-04-01,10464342.0,17012.0,93381.0,81194.0,3508916.0,2550887.0,1324397.0,877222.0,2394507.0,10655929.0,10655929.0,15622.0,314.0,956.0,355.0,6055.0,4245.0,1177.0,550.0,5220.0,17247.0,17247.0
2020-05-01,10982953.0,16363.0,76876.0,79885.0,3731786.0,3555192.0,862587.0,612608.0,2393904.0,11156077.0,11156077.0,14573.0,305.0,868.0,376.0,5788.0,4016.0,1117.0,430.0,4771.0,16122.0,16122.0
2020-06-01,10243587.0,11684.0,84403.0,38660.0,3542850.0,2764685.0,1104429.0,512031.0,2454339.0,10378334.0,10378334.0,15832.0,303.0,977.0,438.0,6514.0,4552.0,1215.0,574.0,4695.0,17550.0,17550.0
2020-07-01,10647509.0,11376.0,68959.0,14960.0,3887264.0,2281864.0,1428120.0,530913.0,2614643.0,10742804.0,10742804.0,14525.0,312.0,776.0,308.0,5714.0,4134.0,1188.0,501.0,4384.0,15921.0,15921.0
2020-08-01,8590643.0,4943.0,64840.0,12484.0,2726009.0,1928606.0,1420360.0,363219.0,2234716.0,8672910.0,8672910.0,12271.0,250.0,724.0,330.0,5158.0,3422.0,1277.0,437.0,3281.0,13575.0,13575.0
2020-09-01,10760779.0,15094.0,101764.0,26461.0,3743799.0,2888521.0,1277785.0,527123.0,2466870.0,10904098.0,10904098.0,15173.0,368.0,1005.0,360.0,6221.0,4583.0,1364.0,478.0,4260.0,16906.0,16906.0
2020-10-01,9178907.0,16487.0,85803.0,39128.0,3279774.0,2402944.0,1250233.0,459896.0,1927478.0,9320325.0,9320325.0,14513.0,344.0,908.0,315.0,6004.0,4295.0,1201.0,531.0,4049.0,16080.0,16080.0
2020-11-01,12299768.0,12485.0,93084.0,26523.0,3814695.0,3383591.0,1715891.0,915248.0,2602435.0,12431860.0,12431860.0,14979.0,309.0,1040.0,381.0,6010.0,4541.0,1315.0,501.0,4342.0,16709.0,16709.0
2020-12-01,12842483.0,12602.0,78201.0,130454.0,5071607.0,2799017.0,1556870.0,550184.0,3086062.0,13063740.0,13063740.0,13315.0,263.0,862.0,362.0,5419.0,4057.0,1188.0,583.0,3555.0,14802.0,14802.0
2021-01-01,7562192.0,8786.0,47444.0,22376.0,2896893.0,1875366.0,977904.0,359106.0,1531529.0,7640798.0,7640798.0,9363.0,166.0,549.0,229.0,3430.0,2835.0,805.0,434.0,2803.0,10307.0,10307.0
2021-02-01,10170032.0,8577.0,66864.0,36167.0,3846089.0,2199042.0,915240.0,494892.0,2826377.0,10281640.0,10281640.0,10137.0,155.0,679.0,202.0,4021.0,3184.0,911.0,287.0,2770.0,11173.0,11173.0
