,전국[호],서울[호],부산[호],대구[호],인천[호],광주[호],대전[호],울산[호],경기[호],강원[호],충북[호],충남[호],전북[호],전남[호],경북[호],경남[호],제주[호],수도권[호],세종[호]
2007-01-01,75616.0,697.0,8680.0,9467.0,243.0,7005.0,819.0,1180.0,3604.0,5312.0,2548.0,7449.0,5179.0,5374.0,6210.0,11772.0,77.0,4544.0,
2007-02-01,73619.0,590.0,8653.0,9134.0,312.0,6246.0,803.0,1210.0,3361.0,5344.0,2645.0,7363.0,5098.0,5253.0,5948.0,11563.0,96.0,4263.0,
2007-03-01,73162.0,687.0,8548.0,9189.0,266.0,5905.0,1048.0,1687.0,2579.0,5801.0,2565.0,7446.0,5184.0,4887.0,5854.0,11328.0,188.0,3532.0,
2007-04-01,73393.0,685.0,8074.0,9009.0,219.0,5829.0,1020.0,1521.0,2488.0,5460.0,3632.0,8250.0,4812.0,4664.0,5419.0,12149.0,162.0,3392.0,
2007-05-01,78571.0,704.0,7964.0,10888.0,362.0,7842.0,957.0,1500.0,2488.0,5212.0,4012.0,9195.0,4625.0,4640.0,6303.0,11723.0,156.0,3554.0,
2007-06-01,89924.0,778.0,9212.0,12489.0,883.0,8272.0,1179.0,1528.0,3899.0,6642.0,4078.0,11245.0,4662.0,5168.0,7665.0,12072.0,152.0,5560.0,
2007-07-01,90658.0,840.0,9557.0,12179.0,797.0,7186.0,1191.0,1741.0,3883.0,6850.0,4263.0,10707.0,5289.0,5041.0,8541.0,12414.0,179.0,5520.0,
2007-08-01,91714.0,730.0,9925.0,12075.0,635.0,7433.0,1478.0,1564.0,4452.0,6625.0,4378.0,10930.0,5202.0,5150.0,8389.0,12576.0,172.0,5817.0,
2007-09-01,98235.0,724.0,10739.0,11944.0,507.0,7294.0,2095.0,3240.0,7906.0,6558.0,4167.0,10963.0,4903.0,5532.0,8683.0,12811.0,169.0,9137.0,
2007-10-01,100887.0,977.0,12012.0,11879.0,330.0,7600.0,2088.0,3590.0,8573.0,6673.0,4152.0,11332.0,4536.0,5641.0,8676.0,12694.0,134.0,9880.0,
2007-11-01,101500.0,1081.0,11213.0,12212.0,308.0,7911.0,2017.0,3536.0,9453.0,6739.0,4234.0,11500.0,4030.0,4726.0,8523.0,13884.0,133.0,10842.0,
2007-12-01,112254.0,454.0,11502.0,12199.0,527.0,7940.0,1881.0,7672.0,13643.0,7114.0,4374.0,12770.0,4082.0,4456.0,8662.0,14857.0,121.0,14624.0,
2008-01-01,123371.0,524.0,10860.0,13434.0,509.0,8009.0,2442.0,6922.0,20691.0,6861.0,5333.0,14075.0,4186.0,4291.0,10516.0,14602.0,116.0,21724.0,
2008-02-01,129652.0,788.0,12184.0,15638.0,1487.0,7779.0,2414.0,7350.0,21178.0,6583.0,5503.0,14888.0,4315.0,4375.0,10591.0,14400.0,179.0,23453.0,
2008-03-01,131757.0,799.0,13289.0,15557.0,1594.0,8009.0,2890.0,8496.0,20685.0,6239.0,5459.0,15633.0,4120.0,4116.0,10844.0,13872.0,155.0,23078.0,
2008-04-01,129859.0,764.0,13642.0,15873.0,1365.0,7279.0,2343.0,9105.0,18104.0,6264.0,5688.0,16227.0,3756.0,3890.0,11858.0,13549.0,152.0,20233.0,
2008-05-01,128170.0,1016.0,12611.0,16590.0,1116.0,6952.0,2270.0,9575.0,17661.0,6217.0,5436.0,16910.0,3281.0,3616.0,11124.0,13648.0,147.0,19793.0,
2008-06-01,147230.0,1090.0,11542.0,20535.0,1099.0,7490.0,3076.0,9633.0,16733.0,11246.0,6074.0,16750.0,3163.0,7313.0,13813.0,17380.0,293.0,18922.0,
2008-07-01,160595.0,1437.0,13612.0,21378.0,1026.0,10774.0,3000.0,9718.0,20514.0,10769.0,6523.0,16646.0,4004.0,7853.0,15177.0,17832.0,332.0,22977.0,
2008-08-01,157291.0,1491.0,12971.0,21410.0,976.0,11043.0,2718.0,9728.0,19922.0,10377.0,6298.0,16069.0,3594.0,7697.0,15464.0,17214.0,319.0,22389.0,
2008-09-01,157241.0,1530.0,12619.0,21403.0,933.0,10628.0,2619.0,9520.0,22455.0,10125.0,5732.0,16186.0,3541.0,7170.0,15483.0,17000.0,297.0,24918.0,
2008-10-01,155720.0,1981.0,12407.0,21246.0,921.0,11323.0,2788.0,9449.0,22360.0,9383.0,5346.0,15662.0,3428.0,6844.0,15153.0,17140.0,289.0,25262.0,
2008-11-01,162570.0,2263.0,14292.0,21324.0,1492.0,12672.0,4008.0,9471.0,22111.0,10930.0,6565.0,15277.0,3236.0,6725.0,15054.0,16877.0,273.0,25866.0,
2008-12-01,165599.0,2486.0,13997.0,21379.0,1647.0,12384.0,3802.0,9569.0,22795.0,10581.0,6412.0,15918.0,4617.0,6530.0,16106.0,17107.0,269.0,26928.0,
2009-01-01,162693.0,2511.0,13882.0,21560.0,1605.0,12395.0,3715.0,9486.0,21415.0,10072.0,6291.0,16349.0,4579.0,6069.0,16189.0,16311.0,264.0,25531.0,
2009-02-01,161972.0,2460.0,13763.0,21380.0,2320.0,12669.0,3676.0,9668.0,20405.0,9940.0,6385.0,16926.0,4392.0,6221.0,15468.0,16043.0,256.0,25185.0,
2009-03-01,165641.0,2459.0,13828.0,20402.0,2101.0,12821.0,3360.0,9577.0,24040.0,9780.0,8087.0,18251.0,4264.0,5944.0,15985.0,14460.0,282.0,28600.0,
2009-04-01,163856.0,2295.0,14790.0,20691.0,2157.0,11384.0,3169.0,9084.0,24704.0,9746.0,7403.0,17939.0,4876.0,5843.0,14871.0,14479.0,425.0,29156.0,
2009-05-01,151938.0,2136.0,13602.0,19851.0,2016.0,8565.0,3012.0,7991.0,23192.0,9249.0,6821.0,17229.0,4643.0,6178.0,14929.0,12124.0,400.0,27344.0,
2009-06-01,145585.0,2085.0,12685.0,19257.0,1840.0,8209.0,3696.0,8032.0,21699.0,8987.0,6262.0,16063.0,4395.0,5789.0,14233.0,11988.0,365.0,25624.0,
2009-07-01,140186.0,2060.0,12253.0,18473.0,1702.0,7264.0,3428.0,7962.0,20248.0,8788.0,6245.0,16342.0,4206.0,5510.0,13943.0,11430.0,332.0,24010.0,
2009-08-01,133779.0,1960.0,11451.0,17920.0,1664.0,6799.0,3150.0,7769.0,19738.0,8577.0,6027.0,14595.0,3899.0,5376.0,13582.0,10948.0,324.0,23362.0,
2009-09-01,126424.0,1887.0,10436.0,17043.0,1541.0,6102.0,3300.0,7478.0,17534.0,7817.0,5568.0,14195.0,4194.0,5380.0,13311.0,10340.0,298.0,20962.0,
2009-10-01,120437.0,1778.0,9891.0,16467.0,1432.0,5751.0,2928.0,7488.0,16638.0,7530.0,5425.0,13656.0,3954.0,5067.0,12678.0,9427.0,327.0,19848.0,
2009-11-01,122542.0,1814.0,9287.0,16119.0,4578.0,4974.0,2776.0,8025.0,16473.0,7353.0,5351.0,14148.0,3743.0,6232.0,12525.0,8818.0,326.0,22865.0,
2009-12-01,123297.0,1803.0,9200.0,16009.0,4539.0,4678.0,3101.0,7106.0,19325.0,7157.0,5128.0,14277.0,3498.0,5690.0,12808.0,8698.0,280.0,25667.0,
2010-01-01,119039.0,1803.0,8279.0,15875.0,3591.0,4304.0,3042.0,7041.0,20432.0,5691.0,4918.0,13950.0,3327.0,5387.0,12915.0,8187.0,297.0,25826.0,
2010-02-01,116438.0,1813.0,7657.0,16053.0,3046.0,3889.0,2839.0,6930.0,22467.0,5416.0,4671.0,13188.0,3172.0,5238.0,12324.0,7474.0,261.0,27326.0,
2010-03-01,112910.0,1658.0,7595.0,16002.0,3033.0,3457.0,2768.0,6482.0,21408.0,5274.0,4581.0,12906.0,2852.0,5330.0,12100.0,7231.0,233.0,26099.0,
2010-04-01,110409.0,1575.0,7814.0,16467.0,2949.0,3775.0,2662.0,6362.0,21386.0,5108.0,3938.0,12973.0,2731.0,3736.0,11897.0,6815.0,221.0,25910.0,
2010-05-01,110460.0,1957.0,7272.0,16303.0,3341.0,3824.0,2508.0,6401.0,22349.0,5105.0,3736.0,12621.0,2569.0,3492.0,12195.0,6570.0,217.0,27647.0,
2010-06-01,110020.0,1979.0,6910.0,16389.0,4320.0,2822.0,2987.0,6392.0,21969.0,5009.0,5039.0,12513.0,2568.0,3397.0,11253.0,6282.0,191.0,28268.0,
2010-07-01,106464.0,1941.0,6747.0,16325.0,4344.0,2859.0,2880.0,6128.0,21866.0,4741.0,3887.0,12222.0,2419.0,3293.0,10627.0,6005.0,180.0,28151.0,
2010-08-01,103981.0,2085.0,6131.0,16066.0,3741.0,2474.0,2741.0,6085.0,22326.0,4556.0,3858.0,11593.0,2394.0,3142.0,10664.0,5950.0,175.0,28152.0,
2010-09-01,100325.0,2169.0,5223.0,14743.0,3847.0,2150.0,2639.0,5994.0,23185.0,4413.0,3793.0,10851.0,1893.0,2988.0,9830.0,6435.0,172.0,29201.0,
2010-10-01,99033.0,2506.0,6051.0,15304.0,4127.0,1899.0,2461.0,5841.0,22701.0,4163.0,3667.0,10285.0,1722.0,2848.0,9512.0,5791.0,155.0,29334.0,
2010-11-01,94539.0,2842.0,4136.0,14505.0,4100.0,2359.0,2357.0,5680.0,22247.0,3988.0,3572.0,9824.0,1488.0,2724.0,8777.0,5754.0,186.0,29189.0,
2010-12-01,88706.0,2729.0,3458.0,13163.0,4265.0,1809.0,2205.0,5575.0,22418.0,3837.0,3428.0,9020.0,1311.0,2504.0,8042.0,4780.0,162.0,29412.0,
2011-01-01,84923.0,2269.0,3064.0,12380.0,4474.0,1259.0,2068.0,5472.0,22153.0,3720.0,3282.0,8750.0,1144.0,2378.0,7693.0,4586.0,231.0,28896.0,
2011-02-01,80588.0,2216.0,2824.0,11929.0,4173.0,964.0,1847.0,5567.0,21028.0,3544.0,3154.0,8477.0,1015.0,2106.0,7278.0,4257.0,209.0,27417.0,
2011-03-01,77572.0,2104.0,2734.0,11325.0,3823.0,805.0,1651.0,5469.0,21162.0,3376.0,3016.0,8082.0,925.0,2040.0,6974.0,3871.0,215.0,27089.0,
2011-04-01,72232.0,1855.0,2305.0,10561.0,3438.0,717.0,1530.0,5354.0,19715.0,3252.0,2915.0,7620.0,843.0,1885.0,6397.0,3668.0,177.0,25008.0,
2011-05-01,71360.0,1785.0,2671.0,9916.0,3945.0,721.0,1272.0,5419.0,21303.0,3363.0,1943.0,7459.0,750.0,1792.0,5984.0,2896.0,141.0,27033.0,
2011-06-01,72667.0,1825.0,2682.0,11577.0,3821.0,655.0,1629.0,5200.0,21579.0,3214.0,1835.0,7229.0,687.0,1655.0,5885.0,3048.0,146.0,27225.0,
2011-07-01,70087.0,1826.0,3158.0,10828.0,3749.0,682.0,1189.0,5014.0,20819.0,3114.0,1685.0,6903.0,639.0,1800.0,5655.0,2896.0,130.0,26394.0,
2011-08-01,68593.0,1767.0,3046.0,10152.0,3730.0,458.0,997.0,4942.0,22137.0,2922.0,1515.0,6546.0,541.0,1728.0,5093.0,2729.0,290.0,27634.0,
2011-09-01,68039.0,1776.0,2842.0,9861.0,3783.0,619.0,913.0,4713.0,21724.0,2690.0,1350.0,6379.0,478.0,2191.0,4723.0,3748.0,249.0,27283.0,
2011-10-01,66462.0,1821.0,3008.0,9295.0,3724.0,806.0,854.0,4501.0,21556.0,2460.0,1195.0,5903.0,428.0,1847.0,4434.0,4454.0,176.0,27101.0,
2011-11-01,67040.0,1801.0,2887.0,9384.0,3873.0,770.0,1482.0,3780.0,21595.0,2207.0,1100.0,7391.0,386.0,1728.0,4274.0,4235.0,147.0,27269.0,
2011-12-01,69807.0,1861.0,4193.0,8672.0,3642.0,784.0,1557.0,3510.0,22378.0,2244.0,1031.0,7471.0,355.0,1527.0,4110.0,6375.0,97.0,27881.0,
2012-01-01,67786.0,1890.0,3909.0,7477.0,3532.0,865.0,1400.0,3363.0,23539.0,2318.0,1077.0,7159.0,354.0,1436.0,3508.0,5888.0,71.0,28961.0,
2012-02-01,64850.0,1703.0,3970.0,6807.0,3694.0,818.0,1301.0,3507.0,22206.0,2642.0,995.0,6746.0,285.0,1376.0,3228.0,5488.0,84.0,27603.0,
2012-03-01,62949.0,1732.0,4191.0,6104.0,3802.0,1142.0,1227.0,3144.0,21427.0,2567.0,982.0,6502.0,259.0,1285.0,3010.0,5518.0,57.0,26961.0,
2012-04-01,61385.0,1691.0,4063.0,5895.0,3829.0,940.0,1192.0,2916.0,20595.0,3034.0,833.0,6180.0,247.0,1063.0,3562.0,5297.0,48.0,26115.0,
2012-05-01,62325.0,1703.0,4014.0,5721.0,4002.0,1104.0,1179.0,3549.0,20890.0,2809.0,833.0,6065.0,249.0,1719.0,3361.0,4817.0,310.0,26595.0,
2012-06-01,62288.0,1698.0,4448.0,5564.0,4058.0,1108.0,1228.0,3047.0,21173.0,3086.0,786.0,6156.0,239.0,1486.0,3258.0,4663.0,290.0,26929.0,
2012-07-01,67060.0,3146.0,5630.0,5289.0,4212.0,1313.0,1197.0,3291.0,22034.0,3244.0,700.0,6035.0,341.0,1766.0,3503.0,5025.0,284.0,29392.0,50.0
2012-08-01,69511.0,3847.0,5484.0,5202.0,4212.0,3051.0,1501.0,2975.0,21938.0,3184.0,631.0,5965.0,332.0,1875.0,3277.0,5730.0,265.0,29997.0,42.0
2012-09-01,71552.0,3754.0,5393.0,4993.0,4420.0,3017.0,1561.0,3018.0,21864.0,3616.0,653.0,6187.0,537.0,1548.0,2640.0,7348.0,982.0,30038.0,21.0
2012-10-01,72739.0,3700.0,5261.0,4678.0,4181.0,2792.0,1377.0,3071.0,24567.0,3769.0,628.0,4148.0,481.0,1850.0,3149.0,8243.0,841.0,32448.0,3.0
2012-11-01,76319.0,3594.0,5199.0,3707.0,4059.0,3608.0,1484.0,3474.0,26732.0,4367.0,703.0,3608.0,401.0,1740.0,2728.0,9941.0,974.0,34385.0,0.0
2012-12-01,74835.0,3481.0,5784.0,3288.0,4026.0,3348.0,1441.0,3659.0,25040.0,4421.0,585.0,2942.0,629.0,2478.0,3201.0,9558.0,954.0,32547.0,0.0
2013-01-01,75180.0,3415.0,6985.0,2898.0,4637.0,3369.0,1404.0,3245.0,25732.0,4159.0,504.0,2691.0,443.0,2348.0,3096.0,9203.0,1051.0,33784.0,0.0
2013-02-01,73386.0,3308.0,6568.0,2622.0,4478.0,3235.0,1300.0,3035.0,25888.0,4220.0,455.0,2563.0,868.0,2069.0,2647.0,8965.0,1063.0,33674.0,102.0
2013-03-01,70633.0,3168.0,6896.0,2347.0,5080.0,1612.0,1303.0,2792.0,24511.0,3846.0,902.0,2697.0,1041.0,1993.0,2375.0,8353.0,996.0,32759.0,721.0
2013-04-01,70201.0,3035.0,6131.0,2089.0,5068.0,1471.0,1399.0,2438.0,25164.0,4149.0,811.0,2555.0,1565.0,1946.0,2270.0,8703.0,983.0,33267.0,424.0
2013-05-01,66896.0,2908.0,5485.0,1939.0,4920.0,1350.0,1253.0,2210.0,24941.0,3751.0,763.0,2351.0,1873.0,1920.0,2071.0,7617.0,925.0,32769.0,619.0
2013-06-01,65072.0,2722.0,4956.0,1760.0,5223.0,1233.0,1187.0,1924.0,24556.0,3461.0,684.0,2961.0,1903.0,2271.0,2081.0,6992.0,744.0,32501.0,414.0
2013-07-01,67672.0,2581.0,4575.0,1649.0,5281.0,1116.0,1163.0,1830.0,27464.0,3582.0,914.0,2565.0,1982.0,2183.0,1963.0,7401.0,684.0,35326.0,739.0
2013-08-01,68119.0,3970.0,4848.0,1492.0,5130.0,1064.0,1066.0,1685.0,27803.0,3446.0,883.0,2321.0,1884.0,2087.0,1817.0,7829.0,614.0,36903.0,180.0
2013-09-01,66110.0,4331.0,4954.0,1602.0,4840.0,913.0,981.0,2816.0,25500.0,3572.0,797.0,2346.0,1694.0,2021.0,1917.0,7202.0,581.0,34671.0,43.0
2013-10-01,64433.0,3808.0,4385.0,1359.0,4335.0,817.0,876.0,2499.0,28399.0,3283.0,725.0,2007.0,1595.0,1829.0,1590.0,6396.0,516.0,36542.0,14.0
2013-11-01,63709.0,3568.0,5350.0,1196.0,4222.0,377.0,989.0,2895.0,26413.0,3156.0,685.0,3265.0,1511.0,2065.0,1542.0,5840.0,477.0,34203.0,158.0
2013-12-01,61091.0,3157.0,4259.0,1234.0,5275.0,323.0,1146.0,3310.0,24760.0,3055.0,599.0,3566.0,1470.0,1981.0,1405.0,4909.0,588.0,33192.0,54.0
2014-01-01,58576.0,2905.0,4131.0,955.0,7267.0,340.0,867.0,2943.0,22525.0,2936.0,670.0,3204.0,1383.0,1921.0,1167.0,4801.0,557.0,32697.0,4.0
2014-02-01,52391.0,2734.0,3433.0,615.0,6891.0,206.0,740.0,2559.0,19653.0,3049.0,633.0,2741.0,1319.0,1851.0,1043.0,4380.0,540.0,29278.0,4.0
2014-03-01,48167.0,2259.0,3985.0,523.0,6314.0,483.0,669.0,2081.0,17509.0,2899.0,618.0,2260.0,1254.0,1742.0,1122.0,3934.0,511.0,26082.0,4.0
2014-04-01,45573.0,2185.0,3490.0,296.0,5933.0,129.0,608.0,1709.0,16174.0,2840.0,1442.0,1878.0,1420.0,1927.0,1060.0,3768.0,503.0,24292.0,211.0
2014-05-01,49026.0,2241.0,2962.0,562.0,7443.0,127.0,573.0,1467.0,19362.0,2413.0,1520.0,1587.0,1253.0,1879.0,911.0,3840.0,408.0,29046.0,478.0
2014-06-01,50257.0,2601.0,2640.0,367.0,6979.0,117.0,531.0,1115.0,20632.0,2275.0,1486.0,1353.0,1401.0,3338.0,720.0,4040.0,360.0,30212.0,302.0
2014-07-01,51287.0,2492.0,2822.0,1754.0,6418.0,657.0,590.0,806.0,17887.0,2169.0,1851.0,1816.0,1502.0,3244.0,1138.0,4474.0,323.0,26797.0,1344.0
2014-08-01,44784.0,2362.0,2227.0,1097.0,5512.0,410.0,827.0,555.0,15340.0,1739.0,1553.0,2095.0,1420.0,3139.0,1578.0,3769.0,264.0,23214.0,897.0
2014-09-01,39168.0,1797.0,2671.0,773.0,4640.0,268.0,650.0,409.0,13505.0,1630.0,1326.0,1525.0,1350.0,3031.0,1338.0,3319.0,239.0,19942.0,697.0
2014-10-01,40092.0,1724.0,2199.0,788.0,3996.0,186.0,562.0,342.0,13999.0,3357.0,1144.0,2676.0,1299.0,2678.0,1762.0,2907.0,160.0,19719.0,313.0
2014-11-01,39703.0,1522.0,2375.0,554.0,3713.0,172.0,669.0,307.0,14539.0,3086.0,1032.0,2338.0,1255.0,2641.0,2516.0,2776.0,147.0,19774.0,61.0
2014-12-01,40379.0,1356.0,2060.0,1013.0,3735.0,247.0,444.0,258.0,14723.0,3054.0,931.0,2838.0,1197.0,2981.0,2023.0,2962.0,124.0,19814.0,433.0
2015-01-01,36985.0,1497.0,1710.0,857.0,3257.0,252.0,456.0,329.0,14201.0,2930.0,842.0,2199.0,824.0,2006.0,2024.0,3138.0,168.0,18955.0,295.0
2015-02-01,33813.0,1238.0,1515.0,669.0,2991.0,141.0,424.0,309.0,12695.0,2850.0,1090.0,2318.0,883.0,1888.0,1844.0,2766.0,108.0,16924.0,84.0
2015-03-01,28897.0,1064.0,1258.0,483.0,2846.0,109.0,478.0,250.0,10285.0,2703.0,940.0,2031.0,828.0,1716.0,1625.0,2175.0,106.0,14195.0,0.0
2015-04-01,28093.0,987.0,935.0,203.0,2547.0,91.0,457.0,118.0,10976.0,2577.0,838.0,2535.0,829.0,1620.0,1380.0,1838.0,162.0,14510.0,0.0
2015-05-01,28142.0,976.0,835.0,49.0,2998.0,120.0,432.0,98.0,10458.0,2946.0,748.0,2966.0,1102.0,1480.0,986.0,1881.0,67.0,14432.0,0.0
2015-06-01,34068.0,638.0,987.0,27.0,2529.0,189.0,780.0,96.0,12927.0,3373.0,1315.0,3475.0,1588.0,1463.0,2014.0,2450.0,217.0,16094.0,0.0
2015-07-01,33177.0,482.0,1371.0,11.0,2440.0,183.0,1322.0,125.0,13014.0,2089.0,1376.0,3345.0,1227.0,1286.0,1476.0,3351.0,79.0,15936.0,0.0
2015-08-01,31698.0,317.0,1044.0,11.0,3144.0,190.0,909.0,105.0,12428.0,1766.0,1242.0,3636.0,1131.0,1246.0,1891.0,2606.0,32.0,15889.0,0.0
2015-09-01,32524.0,251.0,1252.0,108.0,2764.0,260.0,809.0,94.0,11534.0,1761.0,1265.0,5537.0,1140.0,1208.0,1709.0,2800.0,32.0,14549.0,0.0
2015-10-01,32221.0,264.0,1191.0,121.0,2802.0,269.0,552.0,89.0,12510.0,1641.0,1215.0,5110.0,1059.0,1095.0,1837.0,2440.0,26.0,15576.0,0.0
2015-11-01,49724.0,241.0,1074.0,114.0,4528.0,298.0,1067.0,365.0,21809.0,1937.0,4114.0,6618.0,1336.0,1562.0,1654.0,2947.0,44.0,26578.0,16.0
2015-12-01,61512.0,494.0,1290.0,2396.0,4206.0,735.0,1243.0,437.0,25937.0,1876.0,3655.0,9065.0,1227.0,1608.0,3802.0,3411.0,114.0,30637.0,16.0
2016-01-01,60606.0,737.0,1308.0,1806.0,4036.0,672.0,1038.0,857.0,24276.0,2264.0,5007.0,8530.0,1311.0,1563.0,3725.0,3353.0,119.0,29049.0,4.0
2016-02-01,55103.0,884.0,1217.0,1666.0,3596.0,711.0,866.0,668.0,20491.0,2271.0,4341.0,8249.0,1440.0,1478.0,3490.0,3676.0,55.0,24971.0,4.0
2016-03-01,53845.0,788.0,1251.0,1769.0,3465.0,764.0,759.0,627.0,19047.0,1863.0,4096.0,7823.0,1470.0,1380.0,3994.0,4683.0,62.0,23300.0,4.0
2016-04-01,53816.0,651.0,1315.0,1638.0,3329.0,812.0,684.0,593.0,18365.0,2097.0,4596.0,7452.0,1945.0,2017.0,3940.0,4221.0,158.0,22345.0,3.0
2016-05-01,55456.0,507.0,1253.0,1462.0,3108.0,1049.0,812.0,1609.0,17272.0,1943.0,4171.0,7869.0,2374.0,1844.0,4658.0,5403.0,122.0,20887.0,0.0
2016-06-01,59999.0,409.0,1568.0,1230.0,3179.0,1095.0,767.0,1037.0,19737.0,2127.0,4907.0,8017.0,2745.0,1758.0,5621.0,5553.0,249.0,23325.0,0.0
2016-07-01,63127.0,426.0,1429.0,1225.0,3724.0,931.0,740.0,907.0,17243.0,3061.0,4428.0,8644.0,2518.0,1661.0,6198.0,9737.0,255.0,21393.0,0.0
2016-08-01,62562.0,372.0,1364.0,1631.0,3124.0,906.0,859.0,701.0,17860.0,2678.0,4081.0,9232.0,2619.0,1508.0,5908.0,9369.0,350.0,21356.0,0.0
2016-09-01,60700.0,327.0,1306.0,1404.0,2398.0,1090.0,693.0,605.0,16296.0,2874.0,4164.0,9585.0,2736.0,1420.0,6716.0,8801.0,285.0,19021.0,0.0
2016-10-01,57709.0,283.0,1168.0,1135.0,2830.0,877.0,730.0,526.0,14594.0,2479.0,4089.0,9167.0,2737.0,1364.0,7556.0,7868.0,306.0,17707.0,0.0
2016-11-01,57582.0,268.0,1110.0,978.0,3571.0,691.0,606.0,509.0,14396.0,3605.0,3920.0,9073.0,2533.0,1344.0,7266.0,7414.0,298.0,18235.0,0.0
2016-12-01,56413.0,274.0,1171.0,915.0,3053.0,554.0,644.0,481.0,13362.0,3314.0,3989.0,9323.0,2382.0,1245.0,7421.0,8014.0,271.0,16689.0,0.0
2017-01-01,59313.0,205.0,1102.0,828.0,3641.0,818.0,551.0,682.0,15092.0,3466.0,4043.0,9094.0,2468.0,1153.0,8032.0,7785.0,353.0,18938.0,0.0
2017-02-01,61063.0,187.0,1041.0,703.0,3335.0,764.0,726.0,811.0,14492.0,3281.0,3982.0,8970.0,2278.0,1145.0,7785.0,11117.0,446.0,18014.0,0.0
2017-03-01,61679.0,200.0,959.0,627.0,4501.0,696.0,998.0,789.0,14465.0,3064.0,4415.0,8785.0,2087.0,1108.0,7538.0,10712.0,735.0,19166.0,0.0
2017-04-01,60313.0,157.0,905.0,529.0,3703.0,1392.0,935.0,736.0,13309.0,3297.0,5755.0,8715.0,2130.0,1023.0,7472.0,9341.0,914.0,17169.0,0.0
2017-05-01,56859.0,119.0,836.0,383.0,3158.0,1326.0,888.0,713.0,11958.0,3013.0,5433.0,8312.0,1956.0,979.0,7774.0,9040.0,971.0,15235.0,0.0
2017-06-01,57108.0,64.0,734.0,299.0,3057.0,804.0,1073.0,873.0,11229.0,3019.0,7108.0,8020.0,2242.0,935.0,7514.0,9166.0,971.0,14350.0,0.0
2017-07-01,54282.0,41.0,752.0,237.0,2516.0,797.0,1083.0,869.0,9560.0,2655.0,6853.0,7645.0,2082.0,756.0,7826.0,9707.0,903.0,12117.0,0.0
2017-08-01,53130.0,39.0,738.0,139.0,2081.0,766.0,1093.0,898.0,7596.0,2316.0,5435.0,9765.0,2037.0,690.0,8269.0,10354.0,914.0,9716.0,0.0
2017-09-01,54420.0,75.0,720.0,133.0,2291.0,769.0,945.0,872.0,7945.0,3094.0,4927.0,9470.0,2154.0,780.0,8077.0,11147.0,1021.0,10311.0,0.0
2017-10-01,55707.0,56.0,1473.0,125.0,1908.0,781.0,854.0,866.0,7912.0,2701.0,4652.0,11309.0,1964.0,728.0,8065.0,11257.0,1056.0,9876.0,0.0
2017-11-01,56647.0,68.0,1593.0,125.0,1751.0,796.0,1062.0,849.0,8375.0,2474.0,5285.0,10624.0,1895.0,651.0,7794.0,12122.0,1183.0,10194.0,0.0
2017-12-01,57330.0,45.0,1920.0,126.0,1549.0,707.0,759.0,855.0,8793.0,2816.0,4980.0,11283.0,1881.0,627.0,7630.0,12088.0,1271.0,10387.0,0.0
2018-01-01,59104.0,45.0,2291.0,143.0,1192.0,562.0,1084.0,1089.0,8611.0,2693.0,4634.0,11352.0,1846.0,1249.0,7806.0,13227.0,1280.0,9848.0,0.0
2018-02-01,60903.0,48.0,2937.0,135.0,1246.0,431.0,1210.0,837.0,8676.0,4636.0,4526.0,11002.0,1667.0,1211.0,8237.0,12914.0,1190.0,9970.0,0.0
2018-03-01,58004.0,48.0,2703.0,153.0,1237.0,383.0,740.0,830.0,7422.0,5215.0,4167.0,9738.0,1651.0,1409.0,7820.0,13149.0,1339.0,8707.0,0.0
2018-04-01,59583.0,47.0,2427.0,230.0,1311.0,366.0,843.0,1008.0,9003.0,5038.0,4398.0,9435.0,1519.0,1325.0,7649.0,13724.0,1260.0,10361.0,0.0
2018-05-01,59836.0,47.0,2238.0,194.0,1186.0,338.0,888.0,1004.0,8600.0,4883.0,4537.0,9111.0,1891.0,1241.0,7455.0,14955.0,1268.0,9833.0,0.0
2018-06-01,62050.0,47.0,2169.0,506.0,1327.0,317.0,1035.0,1004.0,8134.0,4729.0,5288.0,9494.0,2174.0,1212.0,8419.0,14896.0,1299.0,9508.0,1299.0
2018-07-01,63132.0,42.0,3266.0,1345.0,1260.0,266.0,973.0,1006.0,7530.0,4906.0,4870.0,9963.0,2034.0,1103.0,8198.0,15095.0,1275.0,8832.0,1275.0
2018-08-01,62370.0,39.0,3129.0,945.0,1208.0,240.0,978.0,1005.0,7287.0,5240.0,4880.0,9953.0,1810.0,1494.0,8033.0,14912.0,1217.0,8534.0,0.0
2018-09-01,60596.0,29.0,3111.0,745.0,1135.0,194.0,948.0,1007.0,6487.0,5112.0,4426.0,9489.0,1681.0,1350.0,8760.0,14847.0,1275.0,7651.0,0.0
2018-10-01,60502.0,28.0,3205.0,575.0,1122.0,191.0,990.0,1010.0,5529.0,5350.0,4944.0,9141.0,1834.0,1742.0,8942.0,14673.0,1226.0,6679.0,0.0
2018-11-01,60122.0,28.0,3920.0,429.0,1394.0,75.0,1426.0,1009.0,5078.0,5300.0,4707.0,8476.0,1692.0,1689.0,9421.0,14213.0,1265.0,6500.0,0.0
2018-12-01,58838.0,27.0,4153.0,362.0,1324.0,58.0,1183.0,997.0,4968.0,5736.0,4560.0,7763.0,1607.0,1663.0,8995.0,14147.0,1295.0,6319.0,0.0
2019-01-01,59162.0,27.0,5224.0,291.0,1357.0,52.0,1407.0,1006.0,6769.0,5589.0,3525.0,7149.0,1567.0,1421.0,8531.0,14060.0,1187.0,8153.0,0.0
2019-02-01,59614.0,50.0,5228.0,738.0,1799.0,49.0,1475.0,1009.0,5878.0,5802.0,3375.0,6970.0,1415.0,1389.0,8385.0,14781.0,1271.0,7727.0,0.0
2019-03-01,62147.0,770.0,5296.0,706.0,2454.0,45.0,1475.0,1008.0,7311.0,5748.0,3536.0,6743.0,1374.0,1374.0,8262.0,14824.0,1227.0,10529.0,0.0
2019-04-01,62041.0,292.0,5401.0,1585.0,2105.0,40.0,1225.0,1076.0,7048.0,7882.0,3514.0,6413.0,1205.0,1474.0,8060.0,13476.0,1245.0,9445.0,0.0
2019-05-01,62741.0,178.0,5220.0,1814.0,3478.0,40.0,1137.0,1085.0,6562.0,7776.0,3412.0,6355.0,1513.0,1379.0,7866.0,13800.0,1126.0,10218.0,0.0
2019-06-01,63705.0,123.0,4982.0,1739.0,3632.0,39.0,1158.0,1201.0,7853.0,7712.0,3095.0,6038.0,1386.0,1349.0,7778.0,14402.0,1218.0,11608.0,0.0
2019-07-01,62529.0,190.0,4855.0,1818.0,2778.0,39.0,1048.0,1359.0,7821.0,7474.0,3236.0,6201.0,1451.0,1331.0,7517.0,14250.0,1161.0,10789.0,0.0
2019-08-01,62385.0,205.0,4644.0,1736.0,1557.0,181.0,1018.0,1339.0,8569.0,8097.0,2895.0,6847.0,1318.0,1476.0,7202.0,14078.0,1223.0,10331.0,0.0
2019-09-01,60062.0,207.0,4562.0,1550.0,1046.0,139.0,964.0,1345.0,8413.0,7797.0,2554.0,6429.0,1198.0,1875.0,6919.0,13903.0,1161.0,9666.0,0.0
2019-10-01,56098.0,191.0,4380.0,1362.0,836.0,95.0,935.0,1012.0,6976.0,7382.0,2576.0,5906.0,1077.0,2081.0,6684.0,13489.0,1116.0,8003.0,0.0
2019-11-01,53561.0,176.0,2884.0,1236.0,839.0,180.0,879.0,1365.0,7300.0,7120.0,2216.0,5895.0,987.0,1930.0,6406.0,13060.0,1088.0,8315.0,0.0
2019-12-01,47797.0,151.0,2115.0,1790.0,966.0,148.0,724.0,1269.0,5085.0,5945.0,1672.0,5569.0,1043.0,1857.0,6122.0,12269.0,1072.0,6202.0,0.0
2020-01-01,43268.0,131.0,2266.0,1414.0,1035.0,59.0,941.0,1142.0,3735.0,4964.0,1166.0,5470.0,1009.0,1654.0,5639.0,11586.0,1057.0,4901.0,0.0
2020-02-01,39456.0,112.0,2061.0,1072.0,487.0,36.0,1012.0,659.0,3634.0,4168.0,1202.0,5085.0,924.0,1455.0,5436.0,11099.0,1014.0,4233.0,0.0
2020-03-01,38304.0,91.0,1979.0,1031.0,449.0,32.0,968.0,695.0,3662.0,3902.0,1109.0,4843.0,849.0,1387.0,5296.0,10827.0,1184.0,4202.0,0.0
2020-04-01,36629.0,78.0,1993.0,1068.0,481.0,31.0,917.0,699.0,3224.0,3742.0,919.0,4334.0,822.0,1373.0,5077.0,10590.0,1281.0,3783.0,0.0
2020-05-01,33894.0,70.0,2149.0,1159.0,342.0,31.0,871.0,614.0,2604.0,3470.0,365.0,4695.0,661.0,1249.0,4306.0,9971.0,1337.0,3016.0,0.0
2020-06-01,29262.0,61.0,1666.0,940.0,266.0,31.0,875.0,555.0,2445.0,3202.0,355.0,3683.0,631.0,1244.0,3487.0,8542.0,1279.0,2772.0,0.0
2020-07-01,28883.0,58.0,1544.0,957.0,294.0,31.0,849.0,548.0,2793.0,3015.0,352.0,3266.0,534.0,1244.0,3276.0,8840.0,1282.0,3145.0,0.0
2020-08-01,28831.0,56.0,1454.0,1624.0,525.0,31.0,783.0,502.0,2585.0,2816.0,337.0,3233.0,511.0,860.0,3423.0,8841.0,1250.0,3166.0,0.0
2020-09-01,28309.0,54.0,1397.0,1216.0,414.0,259.0,773.0,494.0,3338.0,3060.0,319.0,3030.0,488.0,758.0,3325.0,8163.0,1221.0,3806.0,0.0
2020-10-01,26703.0,52.0,1262.0,1143.0,822.0,245.0,832.0,474.0,2733.0,2884.0,307.0,3235.0,444.0,1073.0,2922.0,7042.0,1233.0,3607.0,0.0
2020-11-01,23620.0,52.0,1084.0,667.0,691.0,88.0,831.0,473.0,2440.0,2648.0,275.0,3582.0,400.0,1059.0,2541.0,5581.0,1208.0,3183.0,0.0
2020-12-01,19005.0,49.0,973.0,280.0,466.0,31.0,638.0,468.0,1616.0,3115.0,273.0,2510.0,661.0,1059.0,2154.0,3617.0,1095.0,2131.0,0.0
2021-01-01,17130.0,49.0,944.0,419.0,245.0,307.0,635.0,438.0,1567.0,2671.0,234.0,2061.0,251.0,1046.0,2049.0,2964.0,1250.0,1861.0,0.0
2021-02-01,15786.0,88.0,966.0,195.0,142.0,44.0,599.0,436.0,1367.0,2340.0,211.0,1913.0,227.0,964.0,2493.0,2580.0,1221.0,1597.0,0.0
