사용월,호선명,역ID,지하철역,유임승차,유임하차,무임승차,무임하차
2021년 2월,1호선,1,서울역,759952 ,717577 ,126806 ,118305 
2021년 2월,1호선,10,동묘앞,101399 ,110147 ,119847 ,121919 
2021년 2월,1호선,2,시청,371198 ,370551 ,47249 ,44775 
2021년 2월,1호선,3,종각,614268 ,580930 ,89721 ,83724 
2021년 2월,1호선,4,종로3가,342618 ,309972 ,201763 ,188147 
2021년 2월,1호선,5,종로5가,293721 ,296102 ,179534 ,173183 
2021년 2월,1호선,6,동대문,175375 ,164614 ,85986 ,84201 
2021년 2월,1호선,7,신설동,214732 ,213345 ,85342 ,81900 
2021년 2월,1호선,8,제기동,189595 ,185421 ,207202 ,223286 
2021년 2월,1호선,9,청량리(서울시립대입구),262879 ,262989 ,210004 ,211641 
2021년 2월,2호선,11,시청,430547 ,407926 ,34311 ,30492 
2021년 2월,2호선,12,을지로입구,734357 ,737899 ,66069 ,61828 
2021년 2월,2호선,13,을지로3가,375280 ,366641 ,51372 ,50208 
2021년 2월,2호선,14,을지로4가,199825 ,196843 ,64484 ,62910 
2021년 2월,2호선,15,동대문역사문화공원(DDP),213025 ,240152 ,36013 ,37670 
2021년 2월,2호선,16,신당,238008 ,248611 ,69731 ,71454 
2021년 2월,2호선,17,상왕십리,256864 ,248299 ,43988 ,44725 
2021년 2월,2호선,18,왕십리(성동구청),310137 ,262897 ,35156 ,30566 
2021년 2월,2호선,19,한양대,126549 ,131862 ,7718 ,8078 
2021년 2월,2호선,20,뚝섬,410086 ,438697 ,39336 ,39805 
2021년 2월,2호선,21,성수,652288 ,714934 ,73308 ,74960 
2021년 2월,2호선,22,건대입구,696525 ,735207 ,60771 ,63376 
2021년 2월,2호선,23,구의(광진구청),438923 ,434435 ,70941 ,72807 
2021년 2월,2호선,24,강변(동서울터미널),619233 ,615940 ,76075 ,73839 
2021년 2월,2호선,25,잠실나루,237945 ,230085 ,52877 ,53183 
2021년 2월,2호선,26,잠실(송파구청),1373334 ,1351704 ,119996 ,114684 
2021년 2월,2호선,27,잠실새내,385524 ,390732 ,67015 ,66924 
2021년 2월,2호선,28,종합운동장,116470 ,126488 ,23005 ,23676 
2021년 2월,2호선,29,삼성(무역센터),961970 ,971820 ,72837 ,66111 
2021년 2월,2호선,30,선릉,957978 ,853509 ,148202 ,131741 
2021년 2월,2호선,31,역삼,896169 ,980017 ,100078 ,100080 
2021년 2월,2호선,32,강남,1711729 ,1676555 ,118981 ,105553 
2021년 2월,2호선,33,교대(법원.검찰청),593413 ,662687 ,96862 ,107021 
2021년 2월,2호선,34,서초,391906 ,376343 ,49114 ,48434 
2021년 2월,2호선,35,방배,298996 ,316022 ,48433 ,48082 
2021년 2월,2호선,36,사당,669631 ,751191 ,114508 ,110477 
2021년 2월,2호선,37,낙성대(강감찬),524591 ,505635 ,73213 ,74688 
2021년 2월,2호선,38,서울대입구(관악구청),919672 ,906203 ,127372 ,122276 
2021년 2월,2호선,39,봉천,426898 ,395106 ,96392 ,97158 
2021년 2월,2호선,40,신림,1251964 ,1216680 ,152931 ,155167 
2021년 2월,2호선,41,신대방,490984 ,477138 ,85029 ,86363 
2021년 2월,2호선,42,구로디지털단지,1169624 ,1169560 ,115979 ,117977 
2021년 2월,2호선,43,대림(구로구청),466191 ,478250 ,79825 ,82384 
2021년 2월,2호선,44,신도림,951819 ,933552 ,130017 ,122806 
2021년 2월,2호선,45,문래,392845 ,400587 ,50809 ,50046 
2021년 2월,2호선,46,영등포구청,410078 ,416376 ,70286 ,69958 
2021년 2월,2호선,47,당산,353639 ,405375 ,40237 ,44075 
2021년 2월,2호선,48,합정,632915 ,662439 ,46322 ,45504 
2021년 2월,2호선,49,홍대입구,1180000 ,1232530 ,65353 ,63071 
2021년 2월,2호선,50,신촌,641972 ,658818 ,82261 ,79787 
2021년 2월,2호선,51,이대,224091 ,234001 ,29420 ,30193 
2021년 2월,2호선,52,아현,172731 ,167604 ,44505 ,44227 
2021년 2월,2호선,53,충정로(경기대입구),173599 ,182307 ,32916 ,32789 
2021년 2월,2호선,54,용답,43780 ,44229 ,13043 ,12485 
2021년 2월,2호선,55,신답,26777 ,31335 ,6968 ,7403 
2021년 2월,2호선,56,신설동,54877 ,52895 ,24825 ,26823 
2021년 2월,2호선,57,도림천,25168 ,25613 ,5119 ,5380 
2021년 2월,2호선,58,양천구청,114065 ,123567 ,30884 ,31220 
2021년 2월,2호선,59,신정네거리,171929 ,178883 ,47275 ,48574 
2021년 2월,2호선,60,용두(동대문구청),35511 ,35642 ,17320 ,18389 
2021년 2월,3호선,61,지축,67751 ,65682 ,12309 ,12455 
2021년 2월,3호선,62,구파발,370060 ,353883 ,77043 ,74199 
2021년 2월,3호선,63,연신내,657495 ,622599 ,180217 ,174111 
2021년 2월,3호선,64,불광,266981 ,290698 ,94198 ,103492 
2021년 2월,3호선,65,녹번,266632 ,240214 ,49710 ,49469 
2021년 2월,3호선,66,홍제,278067 ,265202 ,96639 ,95454 
2021년 2월,3호선,67,무악재,65731 ,66231 ,19361 ,21230 
2021년 2월,3호선,68,독립문,105079 ,112966 ,48237 ,47757 
2021년 2월,3호선,69,경복궁(정부서울청사),351780 ,352711 ,51429 ,48913 
2021년 2월,3호선,70,안국,345763 ,362985 ,46684 ,47291 
2021년 2월,3호선,71,종로3가,159596 ,195421 ,38779 ,43449 
2021년 2월,3호선,72,을지로3가,173496 ,179467 ,36470 ,35329 
2021년 2월,3호선,73,충무로,13 ,0 ,2 ,0 
2021년 2월,3호선,74,동대입구,134122 ,143029 ,21399 ,22960 
2021년 2월,3호선,75,약수,224521 ,218755 ,54912 ,52389 
2021년 2월,3호선,76,금호,144102 ,135303 ,37109 ,36708 
2021년 2월,3호선,77,옥수,162319 ,171509 ,39427 ,39615 
2021년 2월,3호선,78,압구정,626720 ,667806 ,86898 ,84615 
2021년 2월,3호선,79,신사,661567 ,683887 ,50124 ,47875 
2021년 2월,3호선,80,잠원,83226 ,83271 ,19602 ,19041 
2021년 2월,3호선,81,고속터미널,899883 ,891836 ,109339 ,103119 
2021년 2월,3호선,82,교대(법원.검찰청),240261 ,156078 ,41967 ,26405 
2021년 2월,3호선,83,남부터미널(예술의전당),571304 ,587685 ,76302 ,77171 
2021년 2월,3호선,84,양재(서초구청),693164 ,748009 ,94520 ,95365 
2021년 2월,3호선,85,매봉,215358 ,206967 ,39357 ,36235 
2021년 2월,3호선,86,도곡,96274 ,99431 ,17765 ,16161 
2021년 2월,3호선,87,대치,209329 ,202919 ,40805 ,39072 
2021년 2월,3호선,88,학여울,32024 ,32885 ,9433 ,9062 
2021년 2월,3호선,89,대청,164771 ,152353 ,37675 ,36360 
2021년 2월,3호선,90,일원,161056 ,157212 ,39399 ,38675 
2021년 2월,3호선,91,수서,285110 ,294290 ,66906 ,66032 
2021년 2월,3호선,92,가락시장,145191 ,142419 ,53750 ,52348 
2021년 2월,3호선,93,경찰병원,131127 ,131234 ,28091 ,28843 
2021년 2월,3호선,94,오금,111353 ,101474 ,18276 ,17745 
2021년 2월,4호선,100,수유(강북구청),626987 ,623816 ,133215 ,132908 
2021년 2월,4호선,101,미아(서울사이버대학),249479 ,241540 ,77698 ,79854 
2021년 2월,4호선,102,미아사거리,490444 ,479511 ,124663 ,123377 
2021년 2월,4호선,103,길음,356693 ,345482 ,75122 ,75626 
2021년 2월,4호선,104,성신여대입구(돈암),384336 ,370123 ,57852 ,56132 
2021년 2월,4호선,105,한성대입구(삼선교),240998 ,236839 ,49618 ,49251 
2021년 2월,4호선,106,혜화,595800 ,600143 ,86206 ,84253 
2021년 2월,4호선,107,동대문,304122 ,321135 ,98555 ,97029 
2021년 2월,4호선,108,동대문역사문화공원(DDP),278786 ,257924 ,37679 ,34312 
2021년 2월,4호선,109,충무로,441855 ,456082 ,79577 ,79677 
2021년 2월,4호선,110,명동,328098 ,343597 ,37189 ,37855 
2021년 2월,4호선,111,회현(남대문시장),367051 ,390255 ,106330 ,106346 
2021년 2월,4호선,112,서울역,189600 ,292306 ,24909 ,28460 
2021년 2월,4호선,113,숙대입구(갈월),234672 ,232290 ,34834 ,32455 
2021년 2월,4호선,114,삼각지,80211 ,92683 ,15363 ,16050 
2021년 2월,4호선,115,신용산,290284 ,305397 ,33968 ,33865 
2021년 2월,4호선,116,이촌(국립중앙박물관),128593 ,145400 ,28708 ,30765 
2021년 2월,4호선,117,동작(현충원),38540 ,41736 ,17356 ,16589 
2021년 2월,4호선,118,총신대입구(이수),317648 ,350176 ,99828 ,105677 
2021년 2월,4호선,119,사당,472102 ,395474 ,54232 ,52986 
2021년 2월,4호선,120,남태령,19603 ,16586 ,5873 ,5590 
2021년 2월,4호선,95,당고개,215897 ,195930 ,62043 ,60894 
2021년 2월,4호선,96,상계,339235 ,312342 ,80692 ,79100 
2021년 2월,4호선,97,노원,370118 ,414806 ,60530 ,59369 
2021년 2월,4호선,98,창동,441152 ,471682 ,139194 ,144952 
2021년 2월,4호선,99,쌍문,541806 ,493284 ,109467 ,108284 
2021년 2월,경부선,121,서울역,114443 ,35108 ,5768 ,1413 
2021년 2월,경부선,122,남영,170804 ,179157 ,25184 ,26372 
2021년 2월,경부선,123,용산,657370 ,667718 ,77349 ,76811 
2021년 2월,경부선,124,노량진,164498 ,167755 ,28362 ,27334 
2021년 2월,경부선,125,대방,227614 ,236418 ,44166 ,43578 
2021년 2월,경부선,126,영등포,742351 ,766037 ,146444 ,145966 
2021년 2월,경부선,127,신도림,68024 ,67328 ,16379 ,18003 
2021년 2월,경부선,151,신길,172533 ,141963 ,30530 ,28032 
2021년 2월,경부선,249,구로,341778 ,352407 ,65016 ,63213 
2021년 2월,경부선,250,가산디지털단지,327261 ,391232 ,23238 ,25809 
2021년 2월,경부선,251,금천구청,201700 ,200616 ,52546 ,53277 
2021년 2월,경부선,252,석수,181503 ,162410 ,33523 ,32540 
2021년 2월,경부선,253,관악,126408 ,117320 ,35811 ,33853 
2021년 2월,경부선,254,안양,404445 ,404548 ,74895 ,77792 
2021년 2월,경부선,255,명학,156601 ,155586 ,28770 ,27962 
2021년 2월,경부선,256,금정,484341 ,494809 ,77026 ,77571 
2021년 2월,경부선,257,군포,137793 ,136740 ,24051 ,23654 
2021년 2월,경부선,258,의왕,157567 ,156635 ,28605 ,28402 
2021년 2월,경부선,259,성균관대,268237 ,267884 ,34504 ,34840 
2021년 2월,경부선,260,화서,129657 ,126690 ,25552 ,24997 
2021년 2월,경부선,261,수원,736535 ,774335 ,87520 ,90844 
2021년 2월,경부선,262,독산,304040 ,321580 ,44476 ,45814 
2021년 2월,경부선,263,세류,55716 ,52592 ,9710 ,9751 
2021년 2월,경부선,264,병점,261448 ,263118 ,37378 ,37031 
2021년 2월,경부선,265,세마,46681 ,43161 ,9481 ,8857 
2021년 2월,경부선,266,오산대,57607 ,52052 ,10018 ,9597 
2021년 2월,경부선,267,오산,191432 ,189587 ,28602 ,29108 
2021년 2월,경부선,268,진위,28484 ,24584 ,4554 ,4275 
2021년 2월,경부선,269,송탄,82464 ,78460 ,13378 ,13184 
2021년 2월,경부선,270,서정리,115593 ,110992 ,18297 ,17818 
2021년 2월,경부선,271,지제,56274 ,53027 ,6255 ,5903 
2021년 2월,경부선,272,평택,233607 ,231149 ,40574 ,39199 
2021년 2월,경부선,273,성환,57066 ,57267 ,12244 ,12347 
2021년 2월,경부선,274,직산,13278 ,13311 ,2723 ,2588 
2021년 2월,경부선,275,두정,94957 ,96425 ,13533 ,13879 
2021년 2월,경부선,276,천안,87280 ,90255 ,30672 ,31015 
2021년 2월,경부선,277,당정,109722 ,105428 ,19951 ,19055 
2021년 2월,경부선,278,서동탄,27342 ,23586 ,5679 ,5624 
2021년 2월,경부선,279,광명,63450 ,54370 ,5550 ,5209 
2021년 2월,경인선,293,개봉,368491 ,378543 ,101282 ,105949 
2021년 2월,경인선,294,오류동,199341 ,187765 ,61171 ,60027 
2021년 2월,경인선,295,역곡,481714 ,480121 ,103369 ,105573 
2021년 2월,경인선,296,부천,609555 ,614096 ,145077 ,146599 
2021년 2월,경인선,297,송내,505033 ,502850 ,77962 ,77005 
2021년 2월,경인선,298,부평,624663 ,668502 ,97189 ,99131 
2021년 2월,경인선,299,백운,115804 ,113968 ,39080 ,39669 
2021년 2월,경인선,300,동암,278327 ,281190 ,64783 ,65497 
2021년 2월,경인선,301,주안,359904 ,325853 ,59271 ,54217 
2021년 2월,경인선,302,제물포,175535 ,167061 ,43351 ,42959 
2021년 2월,경인선,303,동인천,231531 ,219962 ,76795 ,74121 
2021년 2월,경인선,304,인천,62956 ,45722 ,23461 ,21789 
2021년 2월,경인선,305,구일,104649 ,108003 ,28438 ,28236 
2021년 2월,경인선,306,소사,162471 ,155196 ,44126 ,43199 
2021년 2월,경인선,307,부개,143244 ,133257 ,41873 ,41434 
2021년 2월,경인선,308,간석,96102 ,91891 ,29581 ,28617 
2021년 2월,경인선,309,도원,37385 ,37679 ,21580 ,22897 
2021년 2월,경인선,310,온수(성공회대입구),107990 ,106093 ,31141 ,30787 
2021년 2월,경인선,311,중동,152951 ,143568 ,44465 ,44099 
2021년 2월,경인선,312,도화,64198 ,58047 ,26182 ,25169 
2021년 2월,경원선,128,이촌(국립중앙박물관),65901 ,50078 ,18064 ,14999 
2021년 2월,경원선,129,서빙고,30164 ,28114 ,10354 ,9672 
2021년 2월,경원선,130,한남,69028 ,65423 ,18895 ,17559 
2021년 2월,경원선,131,옥수,1106 ,702 ,73 ,57 
2021년 2월,경원선,132,응봉,28751 ,24368 ,11664 ,10356 
2021년 2월,경원선,133,왕십리(성동구청),260887 ,294238 ,38581 ,42216 
2021년 2월,경원선,134,청량리(서울시립대입구),234368 ,248983 ,102278 ,109806 
2021년 2월,경원선,136,외대앞,125165 ,124591 ,31690 ,32166 
2021년 2월,경원선,137,신이문,140845 ,128752 ,47870 ,46677 
2021년 2월,경원선,138,석계,137502 ,157430 ,42342 ,45283 
2021년 2월,경원선,139,광운대,132864 ,128835 ,37666 ,36972 
2021년 2월,경원선,140,월계,92489 ,87002 ,42887 ,41307 
2021년 2월,경원선,141,녹천,75941 ,63163 ,26636 ,24153 
2021년 2월,경원선,142,창동,11 ,0 ,0 ,0 
2021년 2월,경원선,358,방학,135254 ,132053 ,73667 ,72920 
2021년 2월,경원선,359,도봉,83220 ,78392 ,48827 ,48638 
2021년 2월,경원선,360,도봉산,113685 ,60313 ,82952 ,65403 
2021년 2월,경원선,361,망월사,106831 ,110558 ,46821 ,48435 
2021년 2월,경원선,362,회룡,176542 ,174430 ,94704 ,94821 
2021년 2월,경원선,363,의정부,349719 ,361661 ,74966 ,75697 
2021년 2월,경원선,364,가능,102162 ,97720 ,37771 ,37160 
2021년 2월,경원선,365,녹양,74716 ,70785 ,24721 ,23957 
2021년 2월,경원선,366,양주,130391 ,122106 ,35515 ,34892 
2021년 2월,경원선,367,덕계,44886 ,39890 ,14264 ,13826 
2021년 2월,경원선,368,덕정,93490 ,90557 ,23161 ,22970 
2021년 2월,경원선,369,지행,110257 ,108444 ,30083 ,29833 
2021년 2월,경원선,370,동두천중앙,43826 ,42628 ,23855 ,23495 
2021년 2월,경원선,371,보산,26368 ,24355 ,9531 ,9199 
2021년 2월,경원선,372,동두천,26762 ,30966 ,14623 ,17814 
2021년 2월,경원선,373,소요산,25861 ,19299 ,44072 ,39636 
2021년 2월,안산선,280,산본,287595 ,309894 ,64189 ,65492 
2021년 2월,안산선,281,대야미,88346 ,77743 ,20451 ,19170 
2021년 2월,안산선,282,반월,74152 ,70725 ,19490 ,19123 
2021년 2월,안산선,283,상록수,305800 ,306828 ,47677 ,48585 
2021년 2월,안산선,284,한대앞,156488 ,155341 ,29137 ,29825 
2021년 2월,안산선,285,중앙,353758 ,366765 ,36798 ,36475 
2021년 2월,안산선,286,고잔,160366 ,154181 ,22787 ,21956 
2021년 2월,안산선,287,초지,85960 ,87705 ,10171 ,10347 
2021년 2월,안산선,288,안산,256899 ,238532 ,26526 ,24095 
2021년 2월,안산선,289,신길온천,30725 ,28442 ,6432 ,6167 
2021년 2월,안산선,290,정왕,149912 ,158932 ,16968 ,18280 
2021년 2월,안산선,291,오이도,172883 ,169531 ,22940 ,22681 
2021년 2월,안산선,292,수리산,67525 ,53715 ,21898 ,20844 
2021년 2월,과천선,230,선바위,151594 ,130667 ,20560 ,20364 
2021년 2월,과천선,231,경마공원,18540 ,18679 ,6213 ,5915 
2021년 2월,과천선,232,대공원,38876 ,41375 ,26355 ,27111 
2021년 2월,과천선,233,과천,96021 ,87256 ,25003 ,23938 
2021년 2월,과천선,234,정부과천청사,169016 ,169598 ,30849 ,30136 
2021년 2월,과천선,235,인덕원,434996 ,444463 ,67786 ,69776 
2021년 2월,과천선,236,평촌,324944 ,320569 ,41902 ,41715 
2021년 2월,과천선,237,범계,493951 ,481033 ,65932 ,64781 
2021년 2월,분당선,143,선릉,238341 ,349942 ,28731 ,36993 
2021년 2월,분당선,144,한티,269734 ,279995 ,42966 ,43704 
2021년 2월,분당선,145,도곡,112189 ,111577 ,27066 ,26142 
2021년 2월,분당선,146,구룡,26061 ,25685 ,9282 ,9045 
2021년 2월,분당선,147,개포동,62694 ,65100 ,14502 ,14512 
2021년 2월,분당선,148,대모산입구,56118 ,51349 ,18235 ,18111 
2021년 2월,분당선,149,수서,241369 ,250951 ,41095 ,42081 
2021년 2월,분당선,150,복정,14 ,0 ,2 ,0 
2021년 2월,분당선,313,수원,168423 ,138333 ,20424 ,17457 
2021년 2월,분당선,314,서울숲,182585 ,185334 ,17513 ,16785 
2021년 2월,분당선,315,압구정로데오,393152 ,427959 ,31485 ,30595 
2021년 2월,분당선,316,강남구청,175309 ,201307 ,24990 ,27129 
2021년 2월,분당선,317,선정릉,146802 ,156674 ,18628 ,17944 
2021년 2월,분당선,318,가천대,119216 ,139616 ,17997 ,18918 
2021년 2월,분당선,319,태평,240807 ,229904 ,61982 ,64926 
2021년 2월,분당선,320,모란,343174 ,338910 ,111215 ,120571 
2021년 2월,분당선,321,야탑,458921 ,482559 ,95900 ,95400 
2021년 2월,분당선,322,서현,476282 ,482438 ,77699 ,75566 
2021년 2월,분당선,323,수내,234088 ,233570 ,48322 ,46265 
2021년 2월,분당선,324,정자,323644 ,331211 ,43568 ,42447 
2021년 2월,분당선,325,미금,266081 ,282148 ,69670 ,73350 
2021년 2월,분당선,326,오리,205104 ,172174 ,50841 ,44221 
2021년 2월,분당선,327,이매,91252 ,89001 ,25539 ,24571 
2021년 2월,분당선,328,보정,37821 ,32636 ,12739 ,12229 
2021년 2월,분당선,329,죽전,246470 ,274168 ,44441 ,47682 
2021년 2월,분당선,330,구성,80643 ,85270 ,21692 ,22582 
2021년 2월,분당선,331,신갈,77777 ,78005 ,17331 ,17624 
2021년 2월,분당선,332,기흥,175497 ,168163 ,27127 ,26430 
2021년 2월,분당선,333,상갈,97368 ,95222 ,19704 ,19035 
2021년 2월,분당선,334,청명,75361 ,71770 ,11942 ,11902 
2021년 2월,분당선,335,영통,160800 ,162815 ,18589 ,18604 
2021년 2월,분당선,336,망포,273923 ,262621 ,24031 ,23220 
2021년 2월,분당선,337,매탄권선,89320 ,85818 ,12262 ,11781 
2021년 2월,분당선,338,수원시청,252339 ,267266 ,25793 ,25946 
2021년 2월,분당선,339,매교,46365 ,47789 ,11769 ,12184 
2021년 2월,일산선,374,원흥,165109 ,157486 ,37901 ,36629 
2021년 2월,일산선,375,지축,2 ,0 ,0 ,0 
2021년 2월,일산선,376,삼송,339590 ,331670 ,65711 ,66144 
2021년 2월,일산선,377,원당,188520 ,180643 ,54727 ,53952 
2021년 2월,일산선,378,화정,296476 ,308511 ,78312 ,79803 
2021년 2월,일산선,379,대곡,30398 ,21906 ,6941 ,6403 
2021년 2월,일산선,380,백석,174614 ,176080 ,48741 ,47986 
2021년 2월,일산선,381,마두,116580 ,122157 ,40976 ,42271 
2021년 2월,일산선,382,정발산,135347 ,137869 ,31615 ,29507 
2021년 2월,일산선,383,주엽,134628 ,134662 ,55154 ,56270 
2021년 2월,일산선,384,대화,226590 ,181089 ,48634 ,45931 
2021년 2월,중앙선,135,회기,428657 ,415790 ,86099 ,84261 
2021년 2월,중앙선,152,중랑,86941 ,83633 ,33967 ,33276 
2021년 2월,중앙선,153,상봉(시외버스터미널),103467 ,108014 ,27431 ,27288 
2021년 2월,중앙선,154,망우,120510 ,117794 ,46704 ,47809 
2021년 2월,중앙선,155,양원,21139 ,21386 ,10196 ,10188 
2021년 2월,중앙선,156,구리,238865 ,245600 ,56121 ,56621 
2021년 2월,중앙선,157,도농,168609 ,155221 ,40116 ,39071 
2021년 2월,중앙선,158,양정,11138 ,9376 ,4991 ,4507 
2021년 2월,중앙선,159,덕소,93403 ,92919 ,31301 ,31632 
2021년 2월,중앙선,160,도심,39504 ,30302 ,12006 ,11375 
2021년 2월,중앙선,161,팔당,19519 ,20024 ,6050 ,6124 
2021년 2월,중앙선,162,운길산,13073 ,11834 ,6864 ,6763 
2021년 2월,중앙선,163,양수,27880 ,27557 ,13735 ,13923 
2021년 2월,중앙선,164,신원,2920 ,2396 ,2459 ,1989 
2021년 2월,중앙선,165,국수,9167 ,8991 ,6203 ,6409 
2021년 2월,중앙선,166,아신,8651 ,8718 ,3658 ,3532 
2021년 2월,중앙선,167,오빈,3528 ,3403 ,2379 ,2471 
2021년 2월,중앙선,168,양평,43558 ,43601 ,20056 ,20499 
2021년 2월,중앙선,169,원덕,4118 ,3918 ,3572 ,3419 
2021년 2월,중앙선,170,용문,22054 ,22453 ,20545 ,20516 
2021년 2월,중앙선,171,지평,601 ,643 ,697 ,589 
2021년 2월,장항선,224,봉명,17364 ,16696 ,6929 ,6821 
2021년 2월,장항선,225,쌍용(나사렛대),31174 ,29201 ,7188 ,6709 
2021년 2월,장항선,226,아산,53672 ,49784 ,7310 ,6802 
2021년 2월,장항선,227,배방,17448 ,16613 ,4308 ,4276 
2021년 2월,장항선,228,온양온천,54637 ,54799 ,27775 ,28414 
2021년 2월,장항선,229,신창(순천향대),19105 ,19016 ,4344 ,3981 
2021년 2월,경의선,173,신촌,14222 ,16898 ,2369 ,2556 
2021년 2월,경의선,174,효창공원앞,50459 ,58337 ,9953 ,10675 
2021년 2월,경의선,176,서강대,36863 ,36052 ,7207 ,6741 
2021년 2월,경의선,178,가좌,85542 ,80479 ,29600 ,29494 
2021년 2월,경의선,180,수색,41435 ,42825 ,9655 ,9753 
2021년 2월,경의선,181,화전,23904 ,22351 ,6336 ,6169 
2021년 2월,경의선,182,강매,53615 ,46415 ,12270 ,12067 
2021년 2월,경의선,183,행신,141617 ,141632 ,21476 ,22273 
2021년 2월,경의선,184,능곡,60019 ,54269 ,19905 ,19306 
2021년 2월,경의선,185,곡산,8053 ,8342 ,3148 ,2934 
2021년 2월,경의선,186,백마,121254 ,116289 ,21282 ,21499 
2021년 2월,경의선,187,풍산,96952 ,91232 ,21599 ,21531 
2021년 2월,경의선,188,일산,154413 ,154924 ,40046 ,39786 
2021년 2월,경의선,189,탄현,136990 ,133137 ,24265 ,23994 
2021년 2월,경의선,190,야당,117289 ,113659 ,21825 ,21095 
2021년 2월,경의선,191,운정,109108 ,101908 ,22650 ,22622 
2021년 2월,경의선,192,금릉,81701 ,78808 ,17150 ,17096 
2021년 2월,경의선,193,금촌,111063 ,109939 ,29858 ,30478 
2021년 2월,경의선,194,월롱,38151 ,33732 ,5207 ,5737 
2021년 2월,경의선,195,파주,17058 ,12707 ,4781 ,3983 
2021년 2월,경의선,196,문산,83370 ,82019 ,27580 ,27507 
2021년 2월,경의선,197,임진강,401 ,203 ,295 ,265 
2021년 2월,경의선,198,서울역,66814 ,81665 ,8825 ,11516 
2021년 2월,경의선,199,공덕,66270 ,56304 ,8986 ,8654 
2021년 2월,경의선,200,홍대입구,34566 ,38974 ,3497 ,3585 
2021년 2월,경의선,201,디지털미디어시티,45351 ,43269 ,7454 ,7312 
2021년 2월,경의선,202,김포공항,1 ,0 ,0 ,0 
2021년 2월,경의선,203,계양,3 ,0 ,0 ,0 
2021년 2월,경의선,204,검암,1 ,0 ,0 ,0 
2021년 2월,경춘선,205,신내,21701 ,22199 ,9771 ,9426 
2021년 2월,경춘선,206,갈매,49747 ,43063 ,13171 ,12501 
2021년 2월,경춘선,207,별내,44093 ,43510 ,13619 ,13064 
2021년 2월,경춘선,208,퇴계원,59551 ,54945 ,18550 ,17891 
2021년 2월,경춘선,209,사릉,56326 ,53838 ,13886 ,13982 
2021년 2월,경춘선,210,금곡,21631 ,20369 ,10913 ,10394 
2021년 2월,경춘선,211,평내호평,101913 ,99772 ,29545 ,28602 
2021년 2월,경춘선,212,천마산,23574 ,21754 ,12547 ,12763 
2021년 2월,경춘선,213,마석,61007 ,59648 ,22841 ,22932 
2021년 2월,경춘선,214,대성리,7500 ,6322 ,3942 ,3559 
2021년 2월,경춘선,215,청평,23491 ,22737 ,10161 ,10097 
2021년 2월,경춘선,216,상천,3487 ,2863 ,2686 ,2634 
2021년 2월,경춘선,217,가평,26298 ,26387 ,8579 ,8417 
2021년 2월,경춘선,218,굴봉산,1366 ,1548 ,1227 ,1264 
2021년 2월,경춘선,219,백양리,4503 ,3981 ,732 ,689 
2021년 2월,경춘선,220,강촌,6556 ,6104 ,2963 ,2888 
2021년 2월,경춘선,221,김유정,5364 ,5597 ,2258 ,2304 
2021년 2월,경춘선,222,남춘천,38406 ,39826 ,14463 ,14719 
2021년 2월,경춘선,223,춘천,20442 ,18884 ,9312 ,8456 
2021년 2월,수인선,340,고색,66001 ,65100 ,8616 ,8208 
2021년 2월,수인선,341,오목천,42928 ,40096 ,6829 ,6877 
2021년 2월,수인선,342,어천,11815 ,11444 ,2403 ,2520 
2021년 2월,수인선,343,야목,4030 ,3462 ,992 ,836 
2021년 2월,수인선,344,사리,72655 ,65233 ,10440 ,9685 
2021년 2월,수인선,345,달월,1353 ,1041 ,663 ,453 
2021년 2월,수인선,346,월곶,46707 ,43886 ,9797 ,9749 
2021년 2월,수인선,347,소래포구,82519 ,79736 ,37414 ,36391 
2021년 2월,수인선,348,인천논현,102702 ,107443 ,21095 ,21648 
2021년 2월,수인선,349,호구포,67608 ,70537 ,13127 ,13334 
2021년 2월,수인선,350,남동인더스파크,44517 ,49136 ,5126 ,5000 
2021년 2월,수인선,351,원인재,78248 ,81606 ,20279 ,20449 
2021년 2월,수인선,352,연수,80610 ,79556 ,18536 ,18218 
2021년 2월,수인선,353,송도,40987 ,37351 ,14104 ,14022 
2021년 2월,수인선,354,인하대,101438 ,95866 ,18194 ,17631 
2021년 2월,수인선,355,숭의,63906 ,59161 ,19660 ,18946 
2021년 2월,수인선,356,신포,28257 ,28568 ,9107 ,9308 
2021년 2월,수인선,357,인천,17399 ,32474 ,9948 ,12090 
2021년 2월,경강선,238,판교,87448 ,83829 ,8682 ,7818 
2021년 2월,경강선,239,이매,19082 ,15106 ,4113 ,4012 
2021년 2월,경강선,240,삼동,41446 ,38580 ,7855 ,7807 
2021년 2월,경강선,241,경기광주,132942 ,127360 ,18778 ,19002 
2021년 2월,경강선,242,초월,55693 ,53380 ,8902 ,8852 
2021년 2월,경강선,243,곤지암,38498 ,37602 ,7431 ,7492 
2021년 2월,경강선,244,신둔도예촌,22057 ,20990 ,4371 ,4208 
2021년 2월,경강선,245,이천,50621 ,53457 ,8111 ,8669 
2021년 2월,경강선,246,부발,36875 ,35439 ,4250 ,4246 
2021년 2월,경강선,247,세종대왕릉,4513 ,4418 ,1944 ,1962 
2021년 2월,경강선,248,여주,34430 ,35040 ,8754 ,8505 
2021년 2월,5호선,385,방화,112116 ,106688 ,34121 ,32622 
2021년 2월,5호선,386,개화산,88718 ,85241 ,25548 ,25534 
2021년 2월,5호선,387,김포공항,159228 ,154158 ,21071 ,22625 
2021년 2월,5호선,388,송정,112765 ,106787 ,34355 ,33686 
2021년 2월,5호선,389,마곡,171601 ,167540 ,25418 ,24840 
2021년 2월,5호선,390,발산,348099 ,358532 ,57799 ,55356 
2021년 2월,5호선,391,우장산,240493 ,239675 ,59661 ,62243 
2021년 2월,5호선,392,화곡,518407 ,487697 ,97382 ,93242 
2021년 2월,5호선,393,까치산,531735 ,513080 ,107502 ,109522 
2021년 2월,5호선,394,신정(은행정),256765 ,204144 ,41988 ,40535 
2021년 2월,5호선,395,목동,309285 ,339746 ,56777 ,57585 
2021년 2월,5호선,396,오목교(목동운동장앞),441718 ,477306 ,57186 ,56640 
2021년 2월,5호선,397,양평,136981 ,137259 ,19624 ,19563 
2021년 2월,5호선,398,영등포구청,69207 ,69736 ,14524 ,14085 
2021년 2월,5호선,399,영등포시장,167446 ,174046 ,41729 ,42268 
2021년 2월,5호선,400,신길,78387 ,88001 ,7921 ,8329 
2021년 2월,5호선,401,여의도,529075 ,543681 ,36257 ,33302 
2021년 2월,5호선,402,여의나루,198554 ,213548 ,19065 ,19087 
2021년 2월,5호선,403,마포,257150 ,265889 ,41053 ,40346 
2021년 2월,5호선,404,공덕,267277 ,286849 ,29594 ,28006 
2021년 2월,5호선,405,애오개,117466 ,120350 ,24563 ,23802 
2021년 2월,5호선,406,충정로(경기대입구),86803 ,87613 ,9479 ,9653 
2021년 2월,5호선,407,서대문,330988 ,340018 ,44261 ,42014 
2021년 2월,5호선,408,광화문(세종문화회관),583732 ,595747 ,46618 ,44522 
2021년 2월,5호선,409,종로3가,209837 ,199245 ,58997 ,63951 
2021년 2월,5호선,410,을지로4가,90075 ,93424 ,31883 ,31672 
2021년 2월,5호선,411,동대문역사문화공원(DDP),51645 ,59990 ,5906 ,6427 
2021년 2월,5호선,412,청구,68296 ,65746 ,17817 ,13711 
2021년 2월,5호선,413,신금호,107901 ,109041 ,25467 ,28553 
2021년 2월,5호선,414,행당,142340 ,128638 ,33963 ,30621 
2021년 2월,5호선,415,왕십리(성동구청),84534 ,96128 ,15890 ,15274 
2021년 2월,5호선,416,마장,95351 ,89799 ,28449 ,27957 
2021년 2월,5호선,417,답십리,286576 ,263765 ,53766 ,52053 
2021년 2월,5호선,418,장한평,328822 ,325427 ,57940 ,58559 
2021년 2월,5호선,419,군자(능동),215545 ,238447 ,27390 ,28329 
2021년 2월,5호선,420,아차산(어린이대공원후문),256059 ,255989 ,68735 ,67081 
2021년 2월,5호선,421,광나루(장신대),235712 ,213482 ,46545 ,45629 
2021년 2월,5호선,422,천호(풍납토성),333422 ,325074 ,83098 ,84770 
2021년 2월,5호선,423,강동,350727 ,329542 ,67138 ,63539 
2021년 2월,5호선,424,길동,128203 ,133811 ,46225 ,47503 
2021년 2월,5호선,425,굽은다리(강동구민회관앞),161382 ,153429 ,44655 ,41877 
2021년 2월,5호선,426,명일,142844 ,145968 ,41436 ,43142 
2021년 2월,5호선,427,고덕,153174 ,152200 ,37396 ,36902 
2021년 2월,5호선,428,상일동,297933 ,272220 ,63462 ,60700 
2021년 2월,5호선,429,둔촌동,146404 ,145663 ,40976 ,42071 
2021년 2월,5호선,430,올림픽공원(한국체대),67301 ,58045 ,20475 ,18371 
2021년 2월,5호선,431,방이,124465 ,127481 ,28986 ,28954 
2021년 2월,5호선,432,오금,64858 ,62993 ,12672 ,12090 
2021년 2월,5호선,433,개롱,107359 ,113011 ,29771 ,30678 
2021년 2월,5호선,434,거여,133295 ,126550 ,36919 ,36469 
2021년 2월,5호선,435,마천,94579 ,94869 ,36987 ,38880 
2021년 2월,5호선,436,미사,264183 ,261576 ,37285 ,37318 
2021년 2월,5호선,437,하남풍산,92826 ,94377 ,17978 ,19179 
2021년 2월,6호선,438,응암,306226 ,306835 ,79665 ,79044 
2021년 2월,6호선,439,역촌,59907 ,73870 ,21160 ,21013 
2021년 2월,6호선,440,불광,72274 ,75740 ,25903 ,21834 
2021년 2월,6호선,441,독바위,48225 ,50198 ,13457 ,17099 
2021년 2월,6호선,442,연신내,13 ,0 ,2 ,0 
2021년 2월,6호선,443,구산,125887 ,89084 ,33880 ,35384 
2021년 2월,6호선,444,새절(신사),219582 ,205302 ,58742 ,59279 
2021년 2월,6호선,445,증산(명지대앞),173779 ,172087 ,49346 ,50285 
2021년 2월,6호선,446,디지털미디어시티,245781 ,270474 ,37295 ,37955 
2021년 2월,6호선,447,월드컵경기장(성산),66769 ,71056 ,39846 ,37773 
2021년 2월,6호선,448,마포구청,253522 ,230443 ,50802 ,46191 
2021년 2월,6호선,449,망원,270779 ,299559 ,58960 ,61242 
2021년 2월,6호선,450,합정,271091 ,260358 ,25864 ,24055 
2021년 2월,6호선,451,상수,163523 ,182639 ,14163 ,14389 
2021년 2월,6호선,452,광흥창(서강),155693 ,151450 ,29409 ,29143 
2021년 2월,6호선,453,대흥(서강대앞),136353 ,141718 ,29586 ,29194 
2021년 2월,6호선,454,공덕,335552 ,324183 ,50308 ,47486 
2021년 2월,6호선,455,효창공원앞,121661 ,109724 ,26664 ,25457 
2021년 2월,6호선,456,삼각지,112020 ,97287 ,10675 ,9004 
2021년 2월,6호선,457,녹사평(용산구청),98165 ,97188 ,12634 ,12116 
2021년 2월,6호선,458,이태원,204914 ,206741 ,21420 ,22104 
2021년 2월,6호선,459,한강진,163449 ,188301 ,10278 ,10186 
2021년 2월,6호선,460,버티고개,39332 ,36603 ,9936 ,11344 
2021년 2월,6호선,461,약수,59956 ,62264 ,14906 ,14530 
2021년 2월,6호선,462,청구,68486 ,70014 ,13228 ,16021 
2021년 2월,6호선,463,신당,141379 ,147638 ,23677 ,22554 
2021년 2월,6호선,464,동묘앞,133620 ,137664 ,51863 ,46689 
2021년 2월,6호선,465,창신,61032 ,49027 ,13163 ,12311 
2021년 2월,6호선,466,보문,135040 ,124608 ,20753 ,19948 
2021년 2월,6호선,467,안암(고대병원앞),184613 ,185431 ,22976 ,21793 
2021년 2월,6호선,468,고려대(종암),144366 ,139180 ,22899 ,23342 
2021년 2월,6호선,469,월곡(동덕여대),190094 ,189031 ,48405 ,48869 
2021년 2월,6호선,470,상월곡(한국과학기술연구원),104431 ,91163 ,27429 ,26856 
2021년 2월,6호선,471,돌곶이,151366 ,140601 ,37694 ,36900 
2021년 2월,6호선,472,석계,214810 ,220259 ,52313 ,52831 
2021년 2월,6호선,473,태릉입구,96375 ,105459 ,19963 ,21020 
2021년 2월,6호선,474,화랑대(서울여대입구),203627 ,159856 ,30692 ,27018 
2021년 2월,6호선,475,봉화산(서울의료원),155333 ,145224 ,32427 ,32035 
2021년 2월,6호선,476,신내,6 ,0 ,0 ,0 
2021년 2월,7호선,477,장암,43546 ,17691 ,6720 ,4479 
2021년 2월,7호선,478,도봉산,163826 ,193194 ,32105 ,47952 
2021년 2월,7호선,479,수락산,223130 ,220705 ,63813 ,64260 
2021년 2월,7호선,480,마들,212627 ,201987 ,57393 ,57578 
2021년 2월,7호선,481,노원,357897 ,377618 ,80135 ,80617 
2021년 2월,7호선,482,중계,240974 ,216957 ,59587 ,56857 
2021년 2월,7호선,483,하계,309749 ,293760 ,67301 ,64702 
2021년 2월,7호선,484,공릉(서울과학기술대),206282 ,208091 ,46630 ,47157 
2021년 2월,7호선,485,태릉입구,150684 ,139516 ,28977 ,26657 
2021년 2월,7호선,486,먹골,180433 ,176127 ,42938 ,43994 
2021년 2월,7호선,487,중화,199120 ,194676 ,43150 ,43447 
2021년 2월,7호선,488,상봉(시외버스터미널),333165 ,311053 ,48949 ,46510 
2021년 2월,7호선,489,면목,271894 ,266249 ,63750 ,66051 
2021년 2월,7호선,490,사가정,298689 ,298654 ,68270 ,68112 
2021년 2월,7호선,491,용마산(용마폭포공원),110584 ,106643 ,24109 ,25989 
2021년 2월,7호선,492,중곡,177225 ,166088 ,40509 ,41289 
2021년 2월,7호선,493,군자(능동),271849 ,213456 ,48686 ,42771 
2021년 2월,7호선,494,어린이대공원(세종대),228516 ,224314 ,25313 ,25168 
2021년 2월,7호선,495,건대입구,234523 ,241998 ,35264 ,31443 
2021년 2월,7호선,496,뚝섬유원지,154409 ,149761 ,29041 ,29160 
2021년 2월,7호선,497,청담,361269 ,403948 ,47690 ,45558 
2021년 2월,7호선,498,강남구청,307367 ,338046 ,32194 ,32085 
2021년 2월,7호선,499,학동,446745 ,478494 ,40446 ,37951 
2021년 2월,7호선,500,논현,393410 ,425432 ,34950 ,34841 
2021년 2월,7호선,501,반포,103895 ,99992 ,21766 ,20478 
2021년 2월,7호선,502,고속터미널,320648 ,254724 ,45320 ,39650 
2021년 2월,7호선,503,내방,258870 ,265348 ,44830 ,43693 
2021년 2월,7호선,504,이수,292743 ,283742 ,50057 ,47786 
2021년 2월,7호선,505,남성,196046 ,181351 ,45572 ,45436 
2021년 2월,7호선,506,숭실대입구(살피재),209596 ,214541 ,38526 ,39870 
2021년 2월,7호선,507,상도,182859 ,179161 ,37055 ,36148 
2021년 2월,7호선,508,장승배기,166703 ,161518 ,45410 ,45233 
2021년 2월,7호선,509,신대방삼거리,296489 ,283131 ,57961 ,59540 
2021년 2월,7호선,510,보라매,177254 ,176221 ,29028 ,28455 
2021년 2월,7호선,511,신풍,209675 ,198724 ,45499 ,46324 
2021년 2월,7호선,512,대림(구로구청),163201 ,162903 ,24012 ,23406 
2021년 2월,7호선,513,남구로,303268 ,320855 ,42033 ,41806 
2021년 2월,7호선,514,가산디지털단지,883814 ,873283 ,63116 ,59624 
2021년 2월,7호선,515,철산,399533 ,411221 ,63795 ,63723 
2021년 2월,7호선,516,광명사거리,395558 ,389458 ,103490 ,106829 
2021년 2월,7호선,517,천왕,199990 ,187225 ,37695 ,37665 
2021년 2월,7호선,518,온수(성공회대입구),190536 ,176912 ,27172 ,26072 
2021년 2월,7호선,519,까치울,141581 ,137670 ,18494 ,18601 
2021년 2월,7호선,520,부천종합운동장,84491 ,72981 ,13157 ,13128 
2021년 2월,7호선,521,춘의,179725 ,175541 ,22448 ,21900 
2021년 2월,7호선,522,신중동,273461 ,270777 ,35534 ,34286 
2021년 2월,7호선,523,부천시청,237708 ,236233 ,36293 ,34797 
2021년 2월,7호선,524,상동,244816 ,251825 ,32971 ,32703 
2021년 2월,7호선,525,삼산체육관,87418 ,79649 ,15881 ,15084 
2021년 2월,7호선,526,굴포천,166774 ,177413 ,23897 ,24461 
2021년 2월,7호선,527,부평구청,226864 ,189157 ,20902 ,18673 
2021년 2월,8호선,528,암사,338076 ,298629 ,71664 ,70868 
2021년 2월,8호선,529,천호(풍납토성),290503 ,341537 ,55138 ,53128 
2021년 2월,8호선,530,강동구청,184282 ,192850 ,42536 ,42882 
2021년 2월,8호선,531,몽촌토성(평화의문),101894 ,106430 ,20951 ,19952 
2021년 2월,8호선,532,잠실(송파구청),279135 ,318433 ,44653 ,42344 
2021년 2월,8호선,533,석촌,136099 ,162496 ,33101 ,34873 
2021년 2월,8호선,534,송파,132523 ,135263 ,35923 ,36061 
2021년 2월,8호선,535,가락시장,129485 ,145963 ,46593 ,47964 
2021년 2월,8호선,536,문정,406966 ,426124 ,39165 ,39332 
2021년 2월,8호선,537,장지,325771 ,317632 ,50593 ,48165 
2021년 2월,8호선,538,복정,192854 ,166551 ,30565 ,28137 
2021년 2월,8호선,539,산성,120579 ,118663 ,26902 ,29649 
2021년 2월,8호선,540,남한산성입구(성남법원.검찰청),235978 ,214634 ,56623 ,54997 
2021년 2월,8호선,541,단대오거리,180480 ,174960 ,48529 ,46973 
2021년 2월,8호선,542,신흥,75373 ,82373 ,27737 ,28738 
2021년 2월,8호선,543,수진,86092 ,76667 ,29554 ,29324 
2021년 2월,8호선,544,모란,65184 ,50682 ,36171 ,27227 
2021년 2월,9호선,602,개화,43987 ,31278 ,8146 ,6670 
2021년 2월,9호선,603,김포공항,174271 ,266696 ,12411 ,15244 
2021년 2월,9호선,604,공항시장,46231 ,50863 ,16814 ,18572 
2021년 2월,9호선,605,신방화,114273 ,111501 ,30449 ,30309 
2021년 2월,9호선,606,마곡나루(서울식물원),217545 ,217815 ,19664 ,19220 
2021년 2월,9호선,607,양천향교,166441 ,170574 ,30556 ,30580 
2021년 2월,9호선,608,가양,348492 ,342183 ,88667 ,85866 
2021년 2월,9호선,609,증미,126451 ,126871 ,29698 ,30316 
2021년 2월,9호선,610,등촌,182322 ,181790 ,54352 ,55312 
2021년 2월,9호선,611,염창,318623 ,314421 ,47008 ,46911 
2021년 2월,9호선,612,신목동,68404 ,62198 ,13156 ,12079 
2021년 2월,9호선,613,선유도,142087 ,137969 ,17637 ,16746 
2021년 2월,9호선,614,당산,341456 ,342376 ,43576 ,39522 
2021년 2월,9호선,615,국회의사당,282688 ,281175 ,31443 ,27201 
2021년 2월,9호선,616,여의도,487278 ,462147 ,30668 ,28246 
2021년 2월,9호선,617,샛강,103628 ,106384 ,16654 ,16476 
2021년 2월,9호선,618,노량진,482622 ,478537 ,61753 ,62165 
2021년 2월,9호선,619,노들,74558 ,63953 ,20877 ,19503 
2021년 2월,9호선,620,흑석(중앙대입구),129401 ,137480 ,34805 ,35197 
2021년 2월,9호선,621,동작(현충원),31598 ,24367 ,7361 ,6320 
2021년 2월,9호선,622,구반포,45441 ,47568 ,14649 ,14879 
2021년 2월,9호선,623,신반포,54594 ,53758 ,12669 ,12419 
2021년 2월,9호선,624,고속터미널,239655 ,328091 ,36351 ,40617 
2021년 2월,9호선,625,사평,55794 ,55543 ,11685 ,11633 
2021년 2월,9호선,626,신논현,665644 ,655722 ,42738 ,39534 
2021년 2월,공항철도 1호선,640,서울역,139599 ,130955 ,20700 ,19186 
2021년 2월,공항철도 1호선,641,공덕,41510 ,55724 ,4854 ,5719 
2021년 2월,공항철도 1호선,642,홍대입구,206228 ,202321 ,11919 ,11345 
2021년 2월,공항철도 1호선,643,디지털미디어시티,260002 ,232832 ,15584 ,14735 
2021년 2월,공항철도 1호선,644,마곡나루(서울식물원),138528 ,133730 ,7659 ,7766 
2021년 2월,공항철도 1호선,645,김포공항,260993 ,146287 ,14688 ,9664 
2021년 2월,공항철도 1호선,646,계양,177220 ,165340 ,17057 ,16261 
2021년 2월,공항철도 1호선,647,검암,138168 ,134282 ,11669 ,11981 
2021년 2월,공항철도 1호선,648,청라국제도시,129802 ,122042 ,7737 ,7415 
2021년 2월,공항철도 1호선,649,운서,122316 ,124152 ,16903 ,16634 
2021년 2월,공항철도 1호선,650,공항화물청사,42584 ,46582 ,6307 ,6253 
2021년 2월,공항철도 1호선,651,인천공항1터미널,75477 ,78478 ,9727 ,9814 
2021년 2월,공항철도 1호선,652,인천공항2터미널,42622 ,39628 ,4700 ,4547 
2021년 2월,공항철도 1호선,653,영종,52976 ,54187 ,12311 ,12389 
2021년 2월,9호선2~3단계,627,언주,193652 ,194973 ,18217 ,18106 
2021년 2월,9호선2~3단계,628,선정릉,178980 ,193062 ,15177 ,15870 
2021년 2월,9호선2~3단계,629,삼성중앙,126028 ,131056 ,14671 ,14531 
2021년 2월,9호선2~3단계,630,봉은사,300301 ,301678 ,28670 ,27025 
2021년 2월,9호선2~3단계,631,종합운동장,79972 ,77848 ,11290 ,10517 
2021년 2월,9호선2~3단계,632,삼전,124350 ,121311 ,22935 ,22298 
2021년 2월,9호선2~3단계,633,석촌고분,106731 ,106844 ,21554 ,21426 
2021년 2월,9호선2~3단계,634,석촌,152405 ,134489 ,21072 ,18309 
2021년 2월,9호선2~3단계,635,송파나루,88560 ,95579 ,16335 ,16796 
2021년 2월,9호선2~3단계,636,한성백제,43294 ,39342 ,10214 ,8891 
2021년 2월,9호선2~3단계,637,올림픽공원(한국체대),102094 ,100372 ,14488 ,14045 
2021년 2월,9호선2~3단계,638,둔촌오륜,18552 ,16488 ,3807 ,3875 
2021년 2월,9호선2~3단계,639,중앙보훈병원,142574 ,122008 ,50759 ,50183 
2021년 2월,우이신설선,697,북한산우이,38933 ,35042 ,24372 ,25708 
2021년 2월,우이신설선,698,솔밭공원,32551 ,30387 ,19492 ,20246 
2021년 2월,우이신설선,699,4.19민주묘지,37162 ,36092 ,24158 ,21816 
2021년 2월,우이신설선,700,가오리,55616 ,54395 ,31527 ,32120 
2021년 2월,우이신설선,701,화계,44520 ,40763 ,28196 ,28138 
2021년 2월,우이신설선,702,삼양,25449 ,26600 ,18784 ,20625 
2021년 2월,우이신설선,703,삼양사거리,28098 ,29155 ,24248 ,24868 
2021년 2월,우이신설선,704,솔샘,96388 ,87878 ,25061 ,26203 
2021년 2월,우이신설선,705,북한산보국문,99297 ,94108 ,29398 ,30008 
2021년 2월,우이신설선,706,정릉,66727 ,61108 ,31221 ,29739 
2021년 2월,우이신설선,707,성신여대입구(돈암),51467 ,60736 ,19863 ,19243 
2021년 2월,우이신설선,708,보문,22103 ,22538 ,10439 ,10576 
2021년 2월,우이신설선,709,신설동,28319 ,28999 ,18242 ,15989 
